"LOCATION,""INDICATOR"",""SUBJECT"",""MEASURE"",""FREQUENCY"",""TIME"",""Value"",""Flag Codes"""
"IRN,""CROPYIELD"",""MAIZE"",""TONNE_HA"",""A"",""1990"",4.333,"
"IRN,""CROPYIELD"",""MAIZE"",""TONNE_HA"",""A"",""1991"",4.476,"
"IRN,""CROPYIELD"",""MAIZE"",""TONNE_HA"",""A"",""1992"",4.444,"
"IRN,""CROPYIELD"",""MAIZE"",""TONNE_HA"",""A"",""1993"",3.889,"
"IRN,""CROPYIELD"",""MAIZE"",""TONNE_HA"",""A"",""1994"",6.4,"
"IRN,""CROPYIELD"",""MAIZE"",""TONNE_HA"",""A"",""1995"",4.542,"
"IRN,""CROPYIELD"",""MAIZE"",""TONNE_HA"",""A"",""1996"",6.245,"
"IRN,""CROPYIELD"",""MAIZE"",""TONNE_HA"",""A"",""1997"",6.932,"
"IRN,""CROPYIELD"",""MAIZE"",""TONNE_HA"",""A"",""1998"",6.032,"
"IRN,""CROPYIELD"",""MAIZE"",""TONNE_HA"",""A"",""1999"",6.215,"
"IRN,""CROPYIELD"",""MAIZE"",""TONNE_HA"",""A"",""2000"",6.154,"
"IRN,""CROPYIELD"",""MAIZE"",""TONNE_HA"",""A"",""2001"",6.15,"
"IRN,""CROPYIELD"",""MAIZE"",""TONNE_HA"",""A"",""2002"",7.15,"
"IRN,""CROPYIELD"",""MAIZE"",""TONNE_HA"",""A"",""2003"",6.707,"
"IRN,""CROPYIELD"",""MAIZE"",""TONNE_HA"",""A"",""2004"",7.029,"
"IRN,""CROPYIELD"",""MAIZE"",""TONNE_HA"",""A"",""2005"",7.228,"
"IRN,""CROPYIELD"",""MAIZE"",""TONNE_HA"",""A"",""2006"",10.567,"
"IRN,""CROPYIELD"",""MAIZE"",""TONNE_HA"",""A"",""2007"",10.267,"
"IRN,""CROPYIELD"",""MAIZE"",""TONNE_HA"",""A"",""2008"",7.805,"
"IRN,""CROPYIELD"",""MAIZE"",""TONNE_HA"",""A"",""2009"",6.297,"
"IRN,""CROPYIELD"",""MAIZE"",""TONNE_HA"",""A"",""2010"",7.743,"
"IRN,""CROPYIELD"",""MAIZE"",""TONNE_HA"",""A"",""2011"",9.124,"
"IRN,""CROPYIELD"",""MAIZE"",""TONNE_HA"",""A"",""2012"",8.481,"
"IRN,""CROPYIELD"",""MAIZE"",""TONNE_HA"",""A"",""2013"",6.386,"
"IRN,""CROPYIELD"",""MAIZE"",""TONNE_HA"",""A"",""2014"",7.089,"
"IRN,""CROPYIELD"",""MAIZE"",""TONNE_HA"",""A"",""2015"",7.04,"
"IRN,""CROPYIELD"",""MAIZE"",""TONNE_HA"",""A"",""2016"",7.362,"
"IRN,""CROPYIELD"",""MAIZE"",""TONNE_HA"",""A"",""2017"",7.029,"
"IRN,""CROPYIELD"",""MAIZE"",""TONNE_HA"",""A"",""2018"",4.5,"
"IRN,""CROPYIELD"",""MAIZE"",""TONNE_HA"",""A"",""2019"",5.5,"
"IRN,""CROPYIELD"",""MAIZE"",""TONNE_HA"",""A"",""2020"",5.749,"
"IRN,""CROPYIELD"",""MAIZE"",""TONNE_HA"",""A"",""2021"",5.833,"
"IRN,""CROPYIELD"",""MAIZE"",""TONNE_HA"",""A"",""2022"",5.922,"
"IRN,""CROPYIELD"",""MAIZE"",""TONNE_HA"",""A"",""2023"",6.012,"
"IRN,""CROPYIELD"",""MAIZE"",""TONNE_HA"",""A"",""2024"",6.104,"
"IRN,""CROPYIELD"",""MAIZE"",""TONNE_HA"",""A"",""2025"",6.196,"
"IRN,""CROPYIELD"",""MAIZE"",""TONNE_HA"",""A"",""2026"",6.29,"
"IRN,""CROPYIELD"",""MAIZE"",""TONNE_HA"",""A"",""2027"",6.386,"
"IRN,""CROPYIELD"",""MAIZE"",""TONNE_HA"",""A"",""2028"",6.482,"
"IRN,""CROPYIELD"",""MAIZE"",""TONNE_HA"",""A"",""2029"",6.58,"
"PRY,""CROPYIELD"",""MAIZE"",""TONNE_HA"",""A"",""1990"",1.65,"
"PRY,""CROPYIELD"",""MAIZE"",""TONNE_HA"",""A"",""1991"",1.744,"
"PRY,""CROPYIELD"",""MAIZE"",""TONNE_HA"",""A"",""1992"",1.763,"
"PRY,""CROPYIELD"",""MAIZE"",""TONNE_HA"",""A"",""1993"",2.119,"
"PRY,""CROPYIELD"",""MAIZE"",""TONNE_HA"",""A"",""1994"",2.465,"
"PRY,""CROPYIELD"",""MAIZE"",""TONNE_HA"",""A"",""1995"",2.012,"
"PRY,""CROPYIELD"",""MAIZE"",""TONNE_HA"",""A"",""1996"",2.75,"
"PRY,""CROPYIELD"",""MAIZE"",""TONNE_HA"",""A"",""1997"",2.455,"
"PRY,""CROPYIELD"",""MAIZE"",""TONNE_HA"",""A"",""1998"",2.314,"
"PRY,""CROPYIELD"",""MAIZE"",""TONNE_HA"",""A"",""1999"",1.949,"
"PRY,""CROPYIELD"",""MAIZE"",""TONNE_HA"",""A"",""2000"",2.333,"
"PRY,""CROPYIELD"",""MAIZE"",""TONNE_HA"",""A"",""2001"",2.343,"
"PRY,""CROPYIELD"",""MAIZE"",""TONNE_HA"",""A"",""2002"",2.433,"
"PRY,""CROPYIELD"",""MAIZE"",""TONNE_HA"",""A"",""2003"",2.546,"
"PRY,""CROPYIELD"",""MAIZE"",""TONNE_HA"",""A"",""2004"",2.024,"
"PRY,""CROPYIELD"",""MAIZE"",""TONNE_HA"",""A"",""2005"",2.558,"
"PRY,""CROPYIELD"",""MAIZE"",""TONNE_HA"",""A"",""2006"",1.9,"
"PRY,""CROPYIELD"",""MAIZE"",""TONNE_HA"",""A"",""2007"",1.841,"
"PRY,""CROPYIELD"",""MAIZE"",""TONNE_HA"",""A"",""2008"",2.401,"
"PRY,""CROPYIELD"",""MAIZE"",""TONNE_HA"",""A"",""2009"",3.916,"
"PRY,""CROPYIELD"",""MAIZE"",""TONNE_HA"",""A"",""2010"",3.923,"
"PRY,""CROPYIELD"",""MAIZE"",""TONNE_HA"",""A"",""2011"",3.095,"
"PRY,""CROPYIELD"",""MAIZE"",""TONNE_HA"",""A"",""2012"",4,"
"PRY,""CROPYIELD"",""MAIZE"",""TONNE_HA"",""A"",""2013"",4,"
"PRY,""CROPYIELD"",""MAIZE"",""TONNE_HA"",""A"",""2014"",5.248,"
"PRY,""CROPYIELD"",""MAIZE"",""TONNE_HA"",""A"",""2015"",5.367,"
"PRY,""CROPYIELD"",""MAIZE"",""TONNE_HA"",""A"",""2016"",5.485,"
"PRY,""CROPYIELD"",""MAIZE"",""TONNE_HA"",""A"",""2017"",4.995,"
"PRY,""CROPYIELD"",""MAIZE"",""TONNE_HA"",""A"",""2018"",4.9,"
"PRY,""CROPYIELD"",""MAIZE"",""TONNE_HA"",""A"",""2019"",4.9,"
"PRY,""CROPYIELD"",""MAIZE"",""TONNE_HA"",""A"",""2020"",5.089,"
"PRY,""CROPYIELD"",""MAIZE"",""TONNE_HA"",""A"",""2021"",5.164,"
"PRY,""CROPYIELD"",""MAIZE"",""TONNE_HA"",""A"",""2022"",5.238,"
"PRY,""CROPYIELD"",""MAIZE"",""TONNE_HA"",""A"",""2023"",5.313,"
"PRY,""CROPYIELD"",""MAIZE"",""TONNE_HA"",""A"",""2024"",5.39,"
"PRY,""CROPYIELD"",""MAIZE"",""TONNE_HA"",""A"",""2025"",5.469,"
"PRY,""CROPYIELD"",""MAIZE"",""TONNE_HA"",""A"",""2026"",5.549,"
"PRY,""CROPYIELD"",""MAIZE"",""TONNE_HA"",""A"",""2027"",5.63,"
"PRY,""CROPYIELD"",""MAIZE"",""TONNE_HA"",""A"",""2028"",5.712,"
"PRY,""CROPYIELD"",""MAIZE"",""TONNE_HA"",""A"",""2029"",5.796,"
"RUS,""CROPYIELD"",""MAIZE"",""TONNE_HA"",""A"",""1990"",2.819,"
"RUS,""CROPYIELD"",""MAIZE"",""TONNE_HA"",""A"",""1991"",2.688,"
"RUS,""CROPYIELD"",""MAIZE"",""TONNE_HA"",""A"",""1992"",2.637,"
"RUS,""CROPYIELD"",""MAIZE"",""TONNE_HA"",""A"",""1993"",3.052,"
"RUS,""CROPYIELD"",""MAIZE"",""TONNE_HA"",""A"",""1994"",1.702,"
"RUS,""CROPYIELD"",""MAIZE"",""TONNE_HA"",""A"",""1995"",2.702,"
"RUS,""CROPYIELD"",""MAIZE"",""TONNE_HA"",""A"",""1996"",1.746,"
"RUS,""CROPYIELD"",""MAIZE"",""TONNE_HA"",""A"",""1997"",2.91,"
"RUS,""CROPYIELD"",""MAIZE"",""TONNE_HA"",""A"",""1998"",1.029,"
"RUS,""CROPYIELD"",""MAIZE"",""TONNE_HA"",""A"",""1999"",1.498,"
"RUS,""CROPYIELD"",""MAIZE"",""TONNE_HA"",""A"",""2000"",1.867,"
"RUS,""CROPYIELD"",""MAIZE"",""TONNE_HA"",""A"",""2001"",1.217,"
"RUS,""CROPYIELD"",""MAIZE"",""TONNE_HA"",""A"",""2002"",2.498,"
"RUS,""CROPYIELD"",""MAIZE"",""TONNE_HA"",""A"",""2003"",2.906,"
"RUS,""CROPYIELD"",""MAIZE"",""TONNE_HA"",""A"",""2004"",3.847,"
"RUS,""CROPYIELD"",""MAIZE"",""TONNE_HA"",""A"",""2005"",3.734,"
"RUS,""CROPYIELD"",""MAIZE"",""TONNE_HA"",""A"",""2006"",3.406,"
"RUS,""CROPYIELD"",""MAIZE"",""TONNE_HA"",""A"",""2007"",2.516,"
"RUS,""CROPYIELD"",""MAIZE"",""TONNE_HA"",""A"",""2008"",3.687,"
"RUS,""CROPYIELD"",""MAIZE"",""TONNE_HA"",""A"",""2009"",2.904,"
"RUS,""CROPYIELD"",""MAIZE"",""TONNE_HA"",""A"",""2010"",2.176,"
"RUS,""CROPYIELD"",""MAIZE"",""TONNE_HA"",""A"",""2011"",4.057,"
"RUS,""CROPYIELD"",""MAIZE"",""TONNE_HA"",""A"",""2012"",3.993,"
"RUS,""CROPYIELD"",""MAIZE"",""TONNE_HA"",""A"",""2013"",4.754,"
"RUS,""CROPYIELD"",""MAIZE"",""TONNE_HA"",""A"",""2014"",4.218,"
"RUS,""CROPYIELD"",""MAIZE"",""TONNE_HA"",""A"",""2015"",4.757,"
"RUS,""CROPYIELD"",""MAIZE"",""TONNE_HA"",""A"",""2016"",5.293,"
"RUS,""CROPYIELD"",""MAIZE"",""TONNE_HA"",""A"",""2017"",4.375,"
"RUS,""CROPYIELD"",""MAIZE"",""TONNE_HA"",""A"",""2018"",4.657,"
"RUS,""CROPYIELD"",""MAIZE"",""TONNE_HA"",""A"",""2019"",4.544,"
"RUS,""CROPYIELD"",""MAIZE"",""TONNE_HA"",""A"",""2020"",4.985,"
"RUS,""CROPYIELD"",""MAIZE"",""TONNE_HA"",""A"",""2021"",5.093,"
"RUS,""CROPYIELD"",""MAIZE"",""TONNE_HA"",""A"",""2022"",5.199,"
"RUS,""CROPYIELD"",""MAIZE"",""TONNE_HA"",""A"",""2023"",5.306,"
"RUS,""CROPYIELD"",""MAIZE"",""TONNE_HA"",""A"",""2024"",5.413,"
"RUS,""CROPYIELD"",""MAIZE"",""TONNE_HA"",""A"",""2025"",5.519,"
"RUS,""CROPYIELD"",""MAIZE"",""TONNE_HA"",""A"",""2026"",5.626,"
"RUS,""CROPYIELD"",""MAIZE"",""TONNE_HA"",""A"",""2027"",5.733,"
"RUS,""CROPYIELD"",""MAIZE"",""TONNE_HA"",""A"",""2028"",5.84,"
"RUS,""CROPYIELD"",""MAIZE"",""TONNE_HA"",""A"",""2029"",5.946,"
"CAN,""CROPYIELD"",""MAIZE"",""TONNE_HA"",""A"",""1990"",6.862,"
"CAN,""CROPYIELD"",""MAIZE"",""TONNE_HA"",""A"",""1991"",6.709,"
"CAN,""CROPYIELD"",""MAIZE"",""TONNE_HA"",""A"",""1992"",5.693,"
"CAN,""CROPYIELD"",""MAIZE"",""TONNE_HA"",""A"",""1993"",6.673,"
"CAN,""CROPYIELD"",""MAIZE"",""TONNE_HA"",""A"",""1994"",7.388,"
"CAN,""CROPYIELD"",""MAIZE"",""TONNE_HA"",""A"",""1995"",7.256,"
"CAN,""CROPYIELD"",""MAIZE"",""TONNE_HA"",""A"",""1996"",6.917,"
"CAN,""CROPYIELD"",""MAIZE"",""TONNE_HA"",""A"",""1997"",6.87,"
"CAN,""CROPYIELD"",""MAIZE"",""TONNE_HA"",""A"",""1998"",8.005,"
"CAN,""CROPYIELD"",""MAIZE"",""TONNE_HA"",""A"",""1999"",7.975,"
"CAN,""CROPYIELD"",""MAIZE"",""TONNE_HA"",""A"",""2000"",6.284,"
"CAN,""CROPYIELD"",""MAIZE"",""TONNE_HA"",""A"",""2001"",6.619,"
"CAN,""CROPYIELD"",""MAIZE"",""TONNE_HA"",""A"",""2002"",7.013,"
"CAN,""CROPYIELD"",""MAIZE"",""TONNE_HA"",""A"",""2003"",7.819,"
"CAN,""CROPYIELD"",""MAIZE"",""TONNE_HA"",""A"",""2004"",8.241,"
"CAN,""CROPYIELD"",""MAIZE"",""TONNE_HA"",""A"",""2005"",8.604,"
"CAN,""CROPYIELD"",""MAIZE"",""TONNE_HA"",""A"",""2006"",8.474,"
"CAN,""CROPYIELD"",""MAIZE"",""TONNE_HA"",""A"",""2007"",8.511,"
"CAN,""CROPYIELD"",""MAIZE"",""TONNE_HA"",""A"",""2008"",9.074,"
"CAN,""CROPYIELD"",""MAIZE"",""TONNE_HA"",""A"",""2009"",8.394,"
"CAN,""CROPYIELD"",""MAIZE"",""TONNE_HA"",""A"",""2010"",9.751,"
"CAN,""CROPYIELD"",""MAIZE"",""TONNE_HA"",""A"",""2011"",8.931,"
"CAN,""CROPYIELD"",""MAIZE"",""TONNE_HA"",""A"",""2012"",9.211,"
"CAN,""CROPYIELD"",""MAIZE"",""TONNE_HA"",""A"",""2013"",9.545,"
"CAN,""CROPYIELD"",""MAIZE"",""TONNE_HA"",""A"",""2014"",9.294,"
"CAN,""CROPYIELD"",""MAIZE"",""TONNE_HA"",""A"",""2015"",10.206,"
"CAN,""CROPYIELD"",""MAIZE"",""TONNE_HA"",""A"",""2016"",9.826,"
"CAN,""CROPYIELD"",""MAIZE"",""TONNE_HA"",""A"",""2017"",10.024,"
"CAN,""CROPYIELD"",""MAIZE"",""TONNE_HA"",""A"",""2018"",9.705,"
"CAN,""CROPYIELD"",""MAIZE"",""TONNE_HA"",""A"",""2019"",9.236,"
"CAN,""CROPYIELD"",""MAIZE"",""TONNE_HA"",""A"",""2020"",9.655,"
"CAN,""CROPYIELD"",""MAIZE"",""TONNE_HA"",""A"",""2021"",9.703,"
"CAN,""CROPYIELD"",""MAIZE"",""TONNE_HA"",""A"",""2022"",9.747,"
"CAN,""CROPYIELD"",""MAIZE"",""TONNE_HA"",""A"",""2023"",9.792,"
"CAN,""CROPYIELD"",""MAIZE"",""TONNE_HA"",""A"",""2024"",9.839,"
"CAN,""CROPYIELD"",""MAIZE"",""TONNE_HA"",""A"",""2025"",9.884,"
"CAN,""CROPYIELD"",""MAIZE"",""TONNE_HA"",""A"",""2026"",9.93,"
"CAN,""CROPYIELD"",""MAIZE"",""TONNE_HA"",""A"",""2027"",9.976,"
"CAN,""CROPYIELD"",""MAIZE"",""TONNE_HA"",""A"",""2028"",10.021,"
"CAN,""CROPYIELD"",""MAIZE"",""TONNE_HA"",""A"",""2029"",10.067,"
"CHN,""CROPYIELD"",""MAIZE"",""TONNE_HA"",""A"",""1990"",4.524,"
"CHN,""CROPYIELD"",""MAIZE"",""TONNE_HA"",""A"",""1991"",4.578,"
"CHN,""CROPYIELD"",""MAIZE"",""TONNE_HA"",""A"",""1992"",4.533,"
"CHN,""CROPYIELD"",""MAIZE"",""TONNE_HA"",""A"",""1993"",4.963,"
"CHN,""CROPYIELD"",""MAIZE"",""TONNE_HA"",""A"",""1994"",4.694,"
"CHN,""CROPYIELD"",""MAIZE"",""TONNE_HA"",""A"",""1995"",4.917,"
"CHN,""CROPYIELD"",""MAIZE"",""TONNE_HA"",""A"",""1996"",5.203,"
"CHN,""CROPYIELD"",""MAIZE"",""TONNE_HA"",""A"",""1997"",4.387,"
"CHN,""CROPYIELD"",""MAIZE"",""TONNE_HA"",""A"",""1998"",5.268,"
"CHN,""CROPYIELD"",""MAIZE"",""TONNE_HA"",""A"",""1999"",4.945,"
"CHN,""CROPYIELD"",""MAIZE"",""TONNE_HA"",""A"",""2000"",4.477,"
"CHN,""CROPYIELD"",""MAIZE"",""TONNE_HA"",""A"",""2001"",4.699,"
"CHN,""CROPYIELD"",""MAIZE"",""TONNE_HA"",""A"",""2002"",4.925,"
"CHN,""CROPYIELD"",""MAIZE"",""TONNE_HA"",""A"",""2003"",4.813,"
"CHN,""CROPYIELD"",""MAIZE"",""TONNE_HA"",""A"",""2004"",5.121,"
"CHN,""CROPYIELD"",""MAIZE"",""TONNE_HA"",""A"",""2005"",5.288,"
"CHN,""CROPYIELD"",""MAIZE"",""TONNE_HA"",""A"",""2006"",5.326,"
"CHN,""CROPYIELD"",""MAIZE"",""TONNE_HA"",""A"",""2007"",5.262,"
"CHN,""CROPYIELD"",""MAIZE"",""TONNE_HA"",""A"",""2008"",5.556,"
"CHN,""CROPYIELD"",""MAIZE"",""TONNE_HA"",""A"",""2009"",5.259,"
"CHN,""CROPYIELD"",""MAIZE"",""TONNE_HA"",""A"",""2010"",5.454,"
"CHN,""CROPYIELD"",""MAIZE"",""TONNE_HA"",""A"",""2011"",5.747,"
"CHN,""CROPYIELD"",""MAIZE"",""TONNE_HA"",""A"",""2012"",5.87,"
"CHN,""CROPYIELD"",""MAIZE"",""TONNE_HA"",""A"",""2013"",6.016,"
"CHN,""CROPYIELD"",""MAIZE"",""TONNE_HA"",""A"",""2014"",5.812,"
"CHN,""CROPYIELD"",""MAIZE"",""TONNE_HA"",""A"",""2015"",5.893,"
"CHN,""CROPYIELD"",""MAIZE"",""TONNE_HA"",""A"",""2016"",5.967,"
"CHN,""CROPYIELD"",""MAIZE"",""TONNE_HA"",""A"",""2017"",6.11,"
"CHN,""CROPYIELD"",""MAIZE"",""TONNE_HA"",""A"",""2018"",6.104,"
"CHN,""CROPYIELD"",""MAIZE"",""TONNE_HA"",""A"",""2019"",6.317,"
"CHN,""CROPYIELD"",""MAIZE"",""TONNE_HA"",""A"",""2020"",6.334,"
"CHN,""CROPYIELD"",""MAIZE"",""TONNE_HA"",""A"",""2021"",6.356,"
"CHN,""CROPYIELD"",""MAIZE"",""TONNE_HA"",""A"",""2022"",6.371,"
"CHN,""CROPYIELD"",""MAIZE"",""TONNE_HA"",""A"",""2023"",6.46,"
"CHN,""CROPYIELD"",""MAIZE"",""TONNE_HA"",""A"",""2024"",6.538,"
"CHN,""CROPYIELD"",""MAIZE"",""TONNE_HA"",""A"",""2025"",6.652,"
"CHN,""CROPYIELD"",""MAIZE"",""TONNE_HA"",""A"",""2026"",6.732,"
"CHN,""CROPYIELD"",""MAIZE"",""TONNE_HA"",""A"",""2027"",6.814,"
"CHN,""CROPYIELD"",""MAIZE"",""TONNE_HA"",""A"",""2028"",6.893,"
"CHN,""CROPYIELD"",""MAIZE"",""TONNE_HA"",""A"",""2029"",6.977,"
"MYS,""CROPYIELD"",""MAIZE"",""TONNE_HA"",""A"",""1990"",1.75,"
"MYS,""CROPYIELD"",""MAIZE"",""TONNE_HA"",""A"",""1991"",1.75,"
"MYS,""CROPYIELD"",""MAIZE"",""TONNE_HA"",""A"",""1992"",1.714,"
"MYS,""CROPYIELD"",""MAIZE"",""TONNE_HA"",""A"",""1993"",1.9,"
"MYS,""CROPYIELD"",""MAIZE"",""TONNE_HA"",""A"",""1994"",2,"
"MYS,""CROPYIELD"",""MAIZE"",""TONNE_HA"",""A"",""1995"",1.87,"
"MYS,""CROPYIELD"",""MAIZE"",""TONNE_HA"",""A"",""1996"",1.8,"
"MYS,""CROPYIELD"",""MAIZE"",""TONNE_HA"",""A"",""1997"",1.846,"
"MYS,""CROPYIELD"",""MAIZE"",""TONNE_HA"",""A"",""1998"",1.852,"
"MYS,""CROPYIELD"",""MAIZE"",""TONNE_HA"",""A"",""1999"",2.111,"
"MYS,""CROPYIELD"",""MAIZE"",""TONNE_HA"",""A"",""2000"",2.321,"
"MYS,""CROPYIELD"",""MAIZE"",""TONNE_HA"",""A"",""2001"",2.393,"
"MYS,""CROPYIELD"",""MAIZE"",""TONNE_HA"",""A"",""2002"",2.917,"
"MYS,""CROPYIELD"",""MAIZE"",""TONNE_HA"",""A"",""2003"",3,"
"MYS,""CROPYIELD"",""MAIZE"",""TONNE_HA"",""A"",""2004"",3,"
"MYS,""CROPYIELD"",""MAIZE"",""TONNE_HA"",""A"",""2005"",3,"
"MYS,""CROPYIELD"",""MAIZE"",""TONNE_HA"",""A"",""2006"",1.283,"
"MYS,""CROPYIELD"",""MAIZE"",""TONNE_HA"",""A"",""2007"",4.855,"
"MYS,""CROPYIELD"",""MAIZE"",""TONNE_HA"",""A"",""2008"",5.219,"
"MYS,""CROPYIELD"",""MAIZE"",""TONNE_HA"",""A"",""2009"",5.072,"
"MYS,""CROPYIELD"",""MAIZE"",""TONNE_HA"",""A"",""2010"",5.535,"
"MYS,""CROPYIELD"",""MAIZE"",""TONNE_HA"",""A"",""2011"",6.132,"
"MYS,""CROPYIELD"",""MAIZE"",""TONNE_HA"",""A"",""2012"",7.6,"
"MYS,""CROPYIELD"",""MAIZE"",""TONNE_HA"",""A"",""2013"",7.864,"
"MYS,""CROPYIELD"",""MAIZE"",""TONNE_HA"",""A"",""2014"",6.098,"
"MYS,""CROPYIELD"",""MAIZE"",""TONNE_HA"",""A"",""2015"",6.227,"
"MYS,""CROPYIELD"",""MAIZE"",""TONNE_HA"",""A"",""2016"",6.072,"
"MYS,""CROPYIELD"",""MAIZE"",""TONNE_HA"",""A"",""2017"",6.504,"
"MYS,""CROPYIELD"",""MAIZE"",""TONNE_HA"",""A"",""2018"",7.186,"
"MYS,""CROPYIELD"",""MAIZE"",""TONNE_HA"",""A"",""2019"",7.083,"
"MYS,""CROPYIELD"",""MAIZE"",""TONNE_HA"",""A"",""2020"",7.133,"
"MYS,""CROPYIELD"",""MAIZE"",""TONNE_HA"",""A"",""2021"",7.243,"
"MYS,""CROPYIELD"",""MAIZE"",""TONNE_HA"",""A"",""2022"",7.352,"
"MYS,""CROPYIELD"",""MAIZE"",""TONNE_HA"",""A"",""2023"",7.463,"
"MYS,""CROPYIELD"",""MAIZE"",""TONNE_HA"",""A"",""2024"",7.577,"
"MYS,""CROPYIELD"",""MAIZE"",""TONNE_HA"",""A"",""2025"",7.69,"
"MYS,""CROPYIELD"",""MAIZE"",""TONNE_HA"",""A"",""2026"",7.805,"
"MYS,""CROPYIELD"",""MAIZE"",""TONNE_HA"",""A"",""2027"",7.922,"
"MYS,""CROPYIELD"",""MAIZE"",""TONNE_HA"",""A"",""2028"",8.04,"
"MYS,""CROPYIELD"",""MAIZE"",""TONNE_HA"",""A"",""2029"",8.16,"
"MEX,""CROPYIELD"",""MAIZE"",""TONNE_HA"",""A"",""1990"",1.994,"
"MEX,""CROPYIELD"",""MAIZE"",""TONNE_HA"",""A"",""1991"",2.052,"
"MEX,""CROPYIELD"",""MAIZE"",""TONNE_HA"",""A"",""1992"",2.345,"
"MEX,""CROPYIELD"",""MAIZE"",""TONNE_HA"",""A"",""1993"",2.44,"
"MEX,""CROPYIELD"",""MAIZE"",""TONNE_HA"",""A"",""1994"",2.226,"
"MEX,""CROPYIELD"",""MAIZE"",""TONNE_HA"",""A"",""1995"",2.288,"
"MEX,""CROPYIELD"",""MAIZE"",""TONNE_HA"",""A"",""1996"",2.239,"
"MEX,""CROPYIELD"",""MAIZE"",""TONNE_HA"",""A"",""1997"",2.384,"
"MEX,""CROPYIELD"",""MAIZE"",""TONNE_HA"",""A"",""1998"",2.343,"
"MEX,""CROPYIELD"",""MAIZE"",""TONNE_HA"",""A"",""1999"",2.472,"
"MEX,""CROPYIELD"",""MAIZE"",""TONNE_HA"",""A"",""2000"",2.462,"
"MEX,""CROPYIELD"",""MAIZE"",""TONNE_HA"",""A"",""2001"",2.578,"
"MEX,""CROPYIELD"",""MAIZE"",""TONNE_HA"",""A"",""2002"",2.711,"
"MEX,""CROPYIELD"",""MAIZE"",""TONNE_HA"",""A"",""2003"",2.753,"
"MEX,""CROPYIELD"",""MAIZE"",""TONNE_HA"",""A"",""2004"",2.818,"
"MEX,""CROPYIELD"",""MAIZE"",""TONNE_HA"",""A"",""2005"",2.928,"
"MEX,""CROPYIELD"",""MAIZE"",""TONNE_HA"",""A"",""2006"",3.001,"
"MEX,""CROPYIELD"",""MAIZE"",""TONNE_HA"",""A"",""2007"",3.206,"
"MEX,""CROPYIELD"",""MAIZE"",""TONNE_HA"",""A"",""2008"",3.324,"
"MEX,""CROPYIELD"",""MAIZE"",""TONNE_HA"",""A"",""2009"",3.237,"
"MEX,""CROPYIELD"",""MAIZE"",""TONNE_HA"",""A"",""2010"",3.26,"
"MEX,""CROPYIELD"",""MAIZE"",""TONNE_HA"",""A"",""2011"",2.906,"
"MEX,""CROPYIELD"",""MAIZE"",""TONNE_HA"",""A"",""2012"",3.187,"
"MEX,""CROPYIELD"",""MAIZE"",""TONNE_HA"",""A"",""2013"",3.194,"
"MEX,""CROPYIELD"",""MAIZE"",""TONNE_HA"",""A"",""2014"",3.296,"
"MEX,""CROPYIELD"",""MAIZE"",""TONNE_HA"",""A"",""2015"",3.478,"
"MEX,""CROPYIELD"",""MAIZE"",""TONNE_HA"",""A"",""2016"",3.718,"
"MEX,""CROPYIELD"",""MAIZE"",""TONNE_HA"",""A"",""2017"",3.789,"
"MEX,""CROPYIELD"",""MAIZE"",""TONNE_HA"",""A"",""2018"",3.815,"
"MEX,""CROPYIELD"",""MAIZE"",""TONNE_HA"",""A"",""2019"",3.518,"
"MEX,""CROPYIELD"",""MAIZE"",""TONNE_HA"",""A"",""2020"",3.77,"
"MEX,""CROPYIELD"",""MAIZE"",""TONNE_HA"",""A"",""2021"",3.782,"
"MEX,""CROPYIELD"",""MAIZE"",""TONNE_HA"",""A"",""2022"",3.79,"
"MEX,""CROPYIELD"",""MAIZE"",""TONNE_HA"",""A"",""2023"",3.798,"
"MEX,""CROPYIELD"",""MAIZE"",""TONNE_HA"",""A"",""2024"",3.809,"
"MEX,""CROPYIELD"",""MAIZE"",""TONNE_HA"",""A"",""2025"",3.816,"
"MEX,""CROPYIELD"",""MAIZE"",""TONNE_HA"",""A"",""2026"",3.825,"
"MEX,""CROPYIELD"",""MAIZE"",""TONNE_HA"",""A"",""2027"",3.834,"
"MEX,""CROPYIELD"",""MAIZE"",""TONNE_HA"",""A"",""2028"",3.841,"
"MEX,""CROPYIELD"",""MAIZE"",""TONNE_HA"",""A"",""2029"",3.85,"
"IDN,""CROPYIELD"",""MAIZE"",""TONNE_HA"",""A"",""1990"",2.151,"
"IDN,""CROPYIELD"",""MAIZE"",""TONNE_HA"",""A"",""1991"",2.203,"
"IDN,""CROPYIELD"",""MAIZE"",""TONNE_HA"",""A"",""1992"",2.197,"
"IDN,""CROPYIELD"",""MAIZE"",""TONNE_HA"",""A"",""1993"",2.209,"
"IDN,""CROPYIELD"",""MAIZE"",""TONNE_HA"",""A"",""1994"",2.258,"
"IDN,""CROPYIELD"",""MAIZE"",""TONNE_HA"",""A"",""1995"",2.486,"
"IDN,""CROPYIELD"",""MAIZE"",""TONNE_HA"",""A"",""1996"",2.614,"
"IDN,""CROPYIELD"",""MAIZE"",""TONNE_HA"",""A"",""1997"",2.652,"
"IDN,""CROPYIELD"",""MAIZE"",""TONNE_HA"",""A"",""1998"",2.663,"
"IDN,""CROPYIELD"",""MAIZE"",""TONNE_HA"",""A"",""1999"",2.765,"
"IDN,""CROPYIELD"",""MAIZE"",""TONNE_HA"",""A"",""2000"",2.845,"
"IDN,""CROPYIELD"",""MAIZE"",""TONNE_HA"",""A"",""2001"",3.088,"
"IDN,""CROPYIELD"",""MAIZE"",""TONNE_HA"",""A"",""2002"",3.241,"
"IDN,""CROPYIELD"",""MAIZE"",""TONNE_HA"",""A"",""2003"",3.344,"
"IDN,""CROPYIELD"",""MAIZE"",""TONNE_HA"",""A"",""2004"",3.454,"
"IDN,""CROPYIELD"",""MAIZE"",""TONNE_HA"",""A"",""2005"",3.47,"
"IDN,""CROPYIELD"",""MAIZE"",""TONNE_HA"",""A"",""2006"",3.66,"
"IDN,""CROPYIELD"",""MAIZE"",""TONNE_HA"",""A"",""2007"",4.078,"
"IDN,""CROPYIELD"",""MAIZE"",""TONNE_HA"",""A"",""2008"",4.237,"
"IDN,""CROPYIELD"",""MAIZE"",""TONNE_HA"",""A"",""2009"",4.436,"
"IDN,""CROPYIELD"",""MAIZE"",""TONNE_HA"",""A"",""2010"",4.565,"
"IDN,""CROPYIELD"",""MAIZE"",""TONNE_HA"",""A"",""2011"",4.899,"
"IDN,""CROPYIELD"",""MAIZE"",""TONNE_HA"",""A"",""2012"",4.844,"
"IDN,""CROPYIELD"",""MAIZE"",""TONNE_HA"",""A"",""2013"",4.954,"
"IDN,""CROPYIELD"",""MAIZE"",""TONNE_HA"",""A"",""2014"",5.178,"
"IDN,""CROPYIELD"",""MAIZE"",""TONNE_HA"",""A"",""2015"",5.371,"
"IDN,""CROPYIELD"",""MAIZE"",""TONNE_HA"",""A"",""2016"",5.791,"
"IDN,""CROPYIELD"",""MAIZE"",""TONNE_HA"",""A"",""2017"",6.446,"
"IDN,""CROPYIELD"",""MAIZE"",""TONNE_HA"",""A"",""2018"",6.415,"
"IDN,""CROPYIELD"",""MAIZE"",""TONNE_HA"",""A"",""2019"",6.511,"
"IDN,""CROPYIELD"",""MAIZE"",""TONNE_HA"",""A"",""2020"",6.659,"
"IDN,""CROPYIELD"",""MAIZE"",""TONNE_HA"",""A"",""2021"",6.654,"
"IDN,""CROPYIELD"",""MAIZE"",""TONNE_HA"",""A"",""2022"",6.746,"
"IDN,""CROPYIELD"",""MAIZE"",""TONNE_HA"",""A"",""2023"",6.847,"
"IDN,""CROPYIELD"",""MAIZE"",""TONNE_HA"",""A"",""2024"",6.954,"
"IDN,""CROPYIELD"",""MAIZE"",""TONNE_HA"",""A"",""2025"",7.07,"
"IDN,""CROPYIELD"",""MAIZE"",""TONNE_HA"",""A"",""2026"",7.181,"
"IDN,""CROPYIELD"",""MAIZE"",""TONNE_HA"",""A"",""2027"",7.293,"
"IDN,""CROPYIELD"",""MAIZE"",""TONNE_HA"",""A"",""2028"",7.403,"
"IDN,""CROPYIELD"",""MAIZE"",""TONNE_HA"",""A"",""2029"",7.515,"
"SAU,""CROPYIELD"",""MAIZE"",""TONNE_HA"",""A"",""1990"",2,"
"SAU,""CROPYIELD"",""MAIZE"",""TONNE_HA"",""A"",""1991"",2.5,"
"SAU,""CROPYIELD"",""MAIZE"",""TONNE_HA"",""A"",""1992"",2.5,"
"SAU,""CROPYIELD"",""MAIZE"",""TONNE_HA"",""A"",""1993"",2,"
"SAU,""CROPYIELD"",""MAIZE"",""TONNE_HA"",""A"",""1994"",2,"
"SAU,""CROPYIELD"",""MAIZE"",""TONNE_HA"",""A"",""1995"",2,"
"SAU,""CROPYIELD"",""MAIZE"",""TONNE_HA"",""A"",""1996"",2.333,"
"SAU,""CROPYIELD"",""MAIZE"",""TONNE_HA"",""A"",""1997"",2,"
"SAU,""CROPYIELD"",""MAIZE"",""TONNE_HA"",""A"",""1998"",2.333,"
"SAU,""CROPYIELD"",""MAIZE"",""TONNE_HA"",""A"",""1999"",2,"
"SAU,""CROPYIELD"",""MAIZE"",""TONNE_HA"",""A"",""2000"",10.25,"
"SAU,""CROPYIELD"",""MAIZE"",""TONNE_HA"",""A"",""2001"",6.667,"
"SAU,""CROPYIELD"",""MAIZE"",""TONNE_HA"",""A"",""2002"",10,"
"SAU,""CROPYIELD"",""MAIZE"",""TONNE_HA"",""A"",""2003"",4,"
"SAU,""CROPYIELD"",""MAIZE"",""TONNE_HA"",""A"",""2004"",3.857,"
"SAU,""CROPYIELD"",""MAIZE"",""TONNE_HA"",""A"",""2005"",3.792,"
"SAU,""CROPYIELD"",""MAIZE"",""TONNE_HA"",""A"",""2006"",5.727,"
"SAU,""CROPYIELD"",""MAIZE"",""TONNE_HA"",""A"",""2007"",5.625,"
"SAU,""CROPYIELD"",""MAIZE"",""TONNE_HA"",""A"",""2008"",5.621,"
"SAU,""CROPYIELD"",""MAIZE"",""TONNE_HA"",""A"",""2009"",5.566,"
"SAU,""CROPYIELD"",""MAIZE"",""TONNE_HA"",""A"",""2010"",5.267,"
"SAU,""CROPYIELD"",""MAIZE"",""TONNE_HA"",""A"",""2011"",5.994,"
"SAU,""CROPYIELD"",""MAIZE"",""TONNE_HA"",""A"",""2012"",6.026,"
"SAU,""CROPYIELD"",""MAIZE"",""TONNE_HA"",""A"",""2013"",6.115,"
"SAU,""CROPYIELD"",""MAIZE"",""TONNE_HA"",""A"",""2014"",6.667,"
"SAU,""CROPYIELD"",""MAIZE"",""TONNE_HA"",""A"",""2015"",7,"
"SAU,""CROPYIELD"",""MAIZE"",""TONNE_HA"",""A"",""2016"",6.714,"
"SAU,""CROPYIELD"",""MAIZE"",""TONNE_HA"",""A"",""2017"",5.714,"
"SAU,""CROPYIELD"",""MAIZE"",""TONNE_HA"",""A"",""2018"",6.462,"
"SAU,""CROPYIELD"",""MAIZE"",""TONNE_HA"",""A"",""2019"",6.357,"
"SAU,""CROPYIELD"",""MAIZE"",""TONNE_HA"",""A"",""2020"",6.357,"
"SAU,""CROPYIELD"",""MAIZE"",""TONNE_HA"",""A"",""2021"",6.457,"
"SAU,""CROPYIELD"",""MAIZE"",""TONNE_HA"",""A"",""2022"",6.558,"
"SAU,""CROPYIELD"",""MAIZE"",""TONNE_HA"",""A"",""2023"",6.659,"
"SAU,""CROPYIELD"",""MAIZE"",""TONNE_HA"",""A"",""2024"",6.761,"
"SAU,""CROPYIELD"",""MAIZE"",""TONNE_HA"",""A"",""2025"",6.863,"
"SAU,""CROPYIELD"",""MAIZE"",""TONNE_HA"",""A"",""2026"",6.967,"
"SAU,""CROPYIELD"",""MAIZE"",""TONNE_HA"",""A"",""2027"",7.072,"
"SAU,""CROPYIELD"",""MAIZE"",""TONNE_HA"",""A"",""2028"",7.178,"
"SAU,""CROPYIELD"",""MAIZE"",""TONNE_HA"",""A"",""2029"",7.287,"
"CHE,""CROPYIELD"",""MAIZE"",""TONNE_HA"",""A"",""1990"",8.63,"
"CHE,""CROPYIELD"",""MAIZE"",""TONNE_HA"",""A"",""1991"",8.407,"
"CHE,""CROPYIELD"",""MAIZE"",""TONNE_HA"",""A"",""1992"",8.773,"
"CHE,""CROPYIELD"",""MAIZE"",""TONNE_HA"",""A"",""1993"",9.191,"
"CHE,""CROPYIELD"",""MAIZE"",""TONNE_HA"",""A"",""1994"",8.862,"
"CHE,""CROPYIELD"",""MAIZE"",""TONNE_HA"",""A"",""1995"",8.654,"
"CHE,""CROPYIELD"",""MAIZE"",""TONNE_HA"",""A"",""1996"",8.858,"
"CHE,""CROPYIELD"",""MAIZE"",""TONNE_HA"",""A"",""1997"",9.583,"
"CHE,""CROPYIELD"",""MAIZE"",""TONNE_HA"",""A"",""1998"",9.114,"
"CHE,""CROPYIELD"",""MAIZE"",""TONNE_HA"",""A"",""1999"",8.885,"
"CHE,""CROPYIELD"",""MAIZE"",""TONNE_HA"",""A"",""2000"",9.651,"
"CHE,""CROPYIELD"",""MAIZE"",""TONNE_HA"",""A"",""2001"",8.944,"
"CHE,""CROPYIELD"",""MAIZE"",""TONNE_HA"",""A"",""2002"",9.217,"
"CHE,""CROPYIELD"",""MAIZE"",""TONNE_HA"",""A"",""2003"",4.299,"
"CHE,""CROPYIELD"",""MAIZE"",""TONNE_HA"",""A"",""2004"",9.614,"
"CHE,""CROPYIELD"",""MAIZE"",""TONNE_HA"",""A"",""2005"",9.65,"
"CHE,""CROPYIELD"",""MAIZE"",""TONNE_HA"",""A"",""2006"",7.604,"
"CHE,""CROPYIELD"",""MAIZE"",""TONNE_HA"",""A"",""2007"",10.17,"
"CHE,""CROPYIELD"",""MAIZE"",""TONNE_HA"",""A"",""2008"",9.703,"
"CHE,""CROPYIELD"",""MAIZE"",""TONNE_HA"",""A"",""2009"",10.413,"
"CHE,""CROPYIELD"",""MAIZE"",""TONNE_HA"",""A"",""2010"",8.492,"
"CHE,""CROPYIELD"",""MAIZE"",""TONNE_HA"",""A"",""2011"",11.445,"
"CHE,""CROPYIELD"",""MAIZE"",""TONNE_HA"",""A"",""2012"",10.828,"
"CHE,""CROPYIELD"",""MAIZE"",""TONNE_HA"",""A"",""2013"",9.075,"
"CHE,""CROPYIELD"",""MAIZE"",""TONNE_HA"",""A"",""2014"",10.756,"
"CHE,""CROPYIELD"",""MAIZE"",""TONNE_HA"",""A"",""2015"",7.375,"
"CHE,""CROPYIELD"",""MAIZE"",""TONNE_HA"",""A"",""2016"",9.684,"
"CHE,""CROPYIELD"",""MAIZE"",""TONNE_HA"",""A"",""2017"",10.694,"
"CHE,""CROPYIELD"",""MAIZE"",""TONNE_HA"",""A"",""2018"",8.588,"
"CHE,""CROPYIELD"",""MAIZE"",""TONNE_HA"",""A"",""2019"",8.474,"
"CHE,""CROPYIELD"",""MAIZE"",""TONNE_HA"",""A"",""2020"",9.252,"
"CHE,""CROPYIELD"",""MAIZE"",""TONNE_HA"",""A"",""2021"",9.28,"
"CHE,""CROPYIELD"",""MAIZE"",""TONNE_HA"",""A"",""2022"",9.307,"
"CHE,""CROPYIELD"",""MAIZE"",""TONNE_HA"",""A"",""2023"",9.335,"
"CHE,""CROPYIELD"",""MAIZE"",""TONNE_HA"",""A"",""2024"",9.363,"
"CHE,""CROPYIELD"",""MAIZE"",""TONNE_HA"",""A"",""2025"",9.391,"
"CHE,""CROPYIELD"",""MAIZE"",""TONNE_HA"",""A"",""2026"",9.42,"
"CHE,""CROPYIELD"",""MAIZE"",""TONNE_HA"",""A"",""2027"",9.448,"
"CHE,""CROPYIELD"",""MAIZE"",""TONNE_HA"",""A"",""2028"",9.476,"
"CHE,""CROPYIELD"",""MAIZE"",""TONNE_HA"",""A"",""2029"",9.505,"
"PAK,""CROPYIELD"",""MAIZE"",""TONNE_HA"",""A"",""1990"",1.402,"
"PAK,""CROPYIELD"",""MAIZE"",""TONNE_HA"",""A"",""1991"",1.419,"
"PAK,""CROPYIELD"",""MAIZE"",""TONNE_HA"",""A"",""1992"",1.364,"
"PAK,""CROPYIELD"",""MAIZE"",""TONNE_HA"",""A"",""1993"",1.38,"
"PAK,""CROPYIELD"",""MAIZE"",""TONNE_HA"",""A"",""1994"",1.481,"
"PAK,""CROPYIELD"",""MAIZE"",""TONNE_HA"",""A"",""1995"",1.609,"
"PAK,""CROPYIELD"",""MAIZE"",""TONNE_HA"",""A"",""1996"",1.607,"
"PAK,""CROPYIELD"",""MAIZE"",""TONNE_HA"",""A"",""1997"",1.626,"
"PAK,""CROPYIELD"",""MAIZE"",""TONNE_HA"",""A"",""1998"",1.731,"
"PAK,""CROPYIELD"",""MAIZE"",""TONNE_HA"",""A"",""1999"",1.718,"
"PAK,""CROPYIELD"",""MAIZE"",""TONNE_HA"",""A"",""2000"",1.741,"
"PAK,""CROPYIELD"",""MAIZE"",""TONNE_HA"",""A"",""2001"",1.768,"
"PAK,""CROPYIELD"",""MAIZE"",""TONNE_HA"",""A"",""2002"",1.857,"
"PAK,""CROPYIELD"",""MAIZE"",""TONNE_HA"",""A"",""2003"",2.003,"
"PAK,""CROPYIELD"",""MAIZE"",""TONNE_HA"",""A"",""2004"",2.849,"
"PAK,""CROPYIELD"",""MAIZE"",""TONNE_HA"",""A"",""2005"",2.984,"
"PAK,""CROPYIELD"",""MAIZE"",""TONNE_HA"",""A"",""2006"",3.036,"
"PAK,""CROPYIELD"",""MAIZE"",""TONNE_HA"",""A"",""2007"",3.427,"
"PAK,""CROPYIELD"",""MAIZE"",""TONNE_HA"",""A"",""2008"",3.415,"
"PAK,""CROPYIELD"",""MAIZE"",""TONNE_HA"",""A"",""2009"",3.488,"
"PAK,""CROPYIELD"",""MAIZE"",""TONNE_HA"",""A"",""2010"",3.805,"
"PAK,""CROPYIELD"",""MAIZE"",""TONNE_HA"",""A"",""2011"",3.99,"
"PAK,""CROPYIELD"",""MAIZE"",""TONNE_HA"",""A"",""2012"",3.983,"
"PAK,""CROPYIELD"",""MAIZE"",""TONNE_HA"",""A"",""2013"",4.231,"
"PAK,""CROPYIELD"",""MAIZE"",""TONNE_HA"",""A"",""2014"",4.321,"
"PAK,""CROPYIELD"",""MAIZE"",""TONNE_HA"",""A"",""2015"",4.425,"
"PAK,""CROPYIELD"",""MAIZE"",""TONNE_HA"",""A"",""2016"",4.598,"
"PAK,""CROPYIELD"",""MAIZE"",""TONNE_HA"",""A"",""2017"",4.718,"
"PAK,""CROPYIELD"",""MAIZE"",""TONNE_HA"",""A"",""2018"",4.787,"
"PAK,""CROPYIELD"",""MAIZE"",""TONNE_HA"",""A"",""2019"",4.667,"
"PAK,""CROPYIELD"",""MAIZE"",""TONNE_HA"",""A"",""2020"",4.852,"
"PAK,""CROPYIELD"",""MAIZE"",""TONNE_HA"",""A"",""2021"",4.909,"
"PAK,""CROPYIELD"",""MAIZE"",""TONNE_HA"",""A"",""2022"",4.997,"
"PAK,""CROPYIELD"",""MAIZE"",""TONNE_HA"",""A"",""2023"",5.085,"
"PAK,""CROPYIELD"",""MAIZE"",""TONNE_HA"",""A"",""2024"",5.175,"
"PAK,""CROPYIELD"",""MAIZE"",""TONNE_HA"",""A"",""2025"",5.264,"
"PAK,""CROPYIELD"",""MAIZE"",""TONNE_HA"",""A"",""2026"",5.351,"
"PAK,""CROPYIELD"",""MAIZE"",""TONNE_HA"",""A"",""2027"",5.441,"
"PAK,""CROPYIELD"",""MAIZE"",""TONNE_HA"",""A"",""2028"",5.53,"
"PAK,""CROPYIELD"",""MAIZE"",""TONNE_HA"",""A"",""2029"",5.62,"
"BRICS,""CROPYIELD"",""MAIZE"",""TONNE_HA"",""A"",""1990"",3.102,"
"BRICS,""CROPYIELD"",""MAIZE"",""TONNE_HA"",""A"",""1991"",3.081,"
"BRICS,""CROPYIELD"",""MAIZE"",""TONNE_HA"",""A"",""1992"",3.287,"
"BRICS,""CROPYIELD"",""MAIZE"",""TONNE_HA"",""A"",""1993"",3.481,"
"BRICS,""CROPYIELD"",""MAIZE"",""TONNE_HA"",""A"",""1994"",3.318,"
"BRICS,""CROPYIELD"",""MAIZE"",""TONNE_HA"",""A"",""1995"",3.535,"
"BRICS,""CROPYIELD"",""MAIZE"",""TONNE_HA"",""A"",""1996"",3.761,"
"BRICS,""CROPYIELD"",""MAIZE"",""TONNE_HA"",""A"",""1997"",3.387,"
"BRICS,""CROPYIELD"",""MAIZE"",""TONNE_HA"",""A"",""1998"",3.836,"
"BRICS,""CROPYIELD"",""MAIZE"",""TONNE_HA"",""A"",""1999"",3.705,"
"BRICS,""CROPYIELD"",""MAIZE"",""TONNE_HA"",""A"",""2000"",3.575,"
"BRICS,""CROPYIELD"",""MAIZE"",""TONNE_HA"",""A"",""2001"",3.661,"
"BRICS,""CROPYIELD"",""MAIZE"",""TONNE_HA"",""A"",""2002"",3.92,"
"BRICS,""CROPYIELD"",""MAIZE"",""TONNE_HA"",""A"",""2003"",3.84,"
"BRICS,""CROPYIELD"",""MAIZE"",""TONNE_HA"",""A"",""2004"",3.956,"
"BRICS,""CROPYIELD"",""MAIZE"",""TONNE_HA"",""A"",""2005"",4.152,"
"BRICS,""CROPYIELD"",""MAIZE"",""TONNE_HA"",""A"",""2006"",4.213,"
"BRICS,""CROPYIELD"",""MAIZE"",""TONNE_HA"",""A"",""2007"",4.368,"
"BRICS,""CROPYIELD"",""MAIZE"",""TONNE_HA"",""A"",""2008"",4.516,"
"BRICS,""CROPYIELD"",""MAIZE"",""TONNE_HA"",""A"",""2009"",4.477,"
"BRICS,""CROPYIELD"",""MAIZE"",""TONNE_HA"",""A"",""2010"",4.608,"
"BRICS,""CROPYIELD"",""MAIZE"",""TONNE_HA"",""A"",""2011"",4.968,"
"BRICS,""CROPYIELD"",""MAIZE"",""TONNE_HA"",""A"",""2012"",5.136,"
"BRICS,""CROPYIELD"",""MAIZE"",""TONNE_HA"",""A"",""2013"",5.259,"
"BRICS,""CROPYIELD"",""MAIZE"",""TONNE_HA"",""A"",""2014"",5.167,"
"BRICS,""CROPYIELD"",""MAIZE"",""TONNE_HA"",""A"",""2015"",5.036,"
"BRICS,""CROPYIELD"",""MAIZE"",""TONNE_HA"",""A"",""2016"",5.437,"
"BRICS,""CROPYIELD"",""MAIZE"",""TONNE_HA"",""A"",""2017"",5.35,"
"BRICS,""CROPYIELD"",""MAIZE"",""TONNE_HA"",""A"",""2018"",5.43,"
"BRICS,""CROPYIELD"",""MAIZE"",""TONNE_HA"",""A"",""2019"",5.561,"
"BRICS,""CROPYIELD"",""MAIZE"",""TONNE_HA"",""A"",""2020"",5.634,"
"BRICS,""CROPYIELD"",""MAIZE"",""TONNE_HA"",""A"",""2021"",5.686,"
"BRICS,""CROPYIELD"",""MAIZE"",""TONNE_HA"",""A"",""2022"",5.733,"
"BRICS,""CROPYIELD"",""MAIZE"",""TONNE_HA"",""A"",""2023"",5.824,"
"BRICS,""CROPYIELD"",""MAIZE"",""TONNE_HA"",""A"",""2024"",5.908,"
"BRICS,""CROPYIELD"",""MAIZE"",""TONNE_HA"",""A"",""2025"",6.013,"
"BRICS,""CROPYIELD"",""MAIZE"",""TONNE_HA"",""A"",""2026"",6.099,"
"BRICS,""CROPYIELD"",""MAIZE"",""TONNE_HA"",""A"",""2027"",6.186,"
"BRICS,""CROPYIELD"",""MAIZE"",""TONNE_HA"",""A"",""2028"",6.271,"
"BRICS,""CROPYIELD"",""MAIZE"",""TONNE_HA"",""A"",""2029"",6.359,"
"ISR,""CROPYIELD"",""MAIZE"",""TONNE_HA"",""A"",""1990"",13.714,"
"ISR,""CROPYIELD"",""MAIZE"",""TONNE_HA"",""A"",""1991"",15,"
"ISR,""CROPYIELD"",""MAIZE"",""TONNE_HA"",""A"",""1992"",13.167,"
"ISR,""CROPYIELD"",""MAIZE"",""TONNE_HA"",""A"",""1993"",11.833,"
"ISR,""CROPYIELD"",""MAIZE"",""TONNE_HA"",""A"",""1994"",11,"
"ISR,""CROPYIELD"",""MAIZE"",""TONNE_HA"",""A"",""1995"",10.667,"
"ISR,""CROPYIELD"",""MAIZE"",""TONNE_HA"",""A"",""1996"",1,"
"ISR,""CROPYIELD"",""MAIZE"",""TONNE_HA"",""A"",""1997"",1,"
"ISR,""CROPYIELD"",""MAIZE"",""TONNE_HA"",""A"",""1998"",1,"
"ISR,""CROPYIELD"",""MAIZE"",""TONNE_HA"",""A"",""1999"",1,"
"ISR,""CROPYIELD"",""MAIZE"",""TONNE_HA"",""A"",""2000"",1.333,"
"ISR,""CROPYIELD"",""MAIZE"",""TONNE_HA"",""A"",""2001"",1.167,"
"ISR,""CROPYIELD"",""MAIZE"",""TONNE_HA"",""A"",""2002"",1,"
"ISR,""CROPYIELD"",""MAIZE"",""TONNE_HA"",""A"",""2003"",1,"
"ISR,""CROPYIELD"",""MAIZE"",""TONNE_HA"",""A"",""2004"",10,"
"ISR,""CROPYIELD"",""MAIZE"",""TONNE_HA"",""A"",""2005"",6.5,"
"ISR,""CROPYIELD"",""MAIZE"",""TONNE_HA"",""A"",""2006"",19.5,"
"ISR,""CROPYIELD"",""MAIZE"",""TONNE_HA"",""A"",""2007"",18.6,"
"ISR,""CROPYIELD"",""MAIZE"",""TONNE_HA"",""A"",""2008"",19.8,"
"ISR,""CROPYIELD"",""MAIZE"",""TONNE_HA"",""A"",""2009"",25.155,"
"ISR,""CROPYIELD"",""MAIZE"",""TONNE_HA"",""A"",""2010"",29.054,"
"ISR,""CROPYIELD"",""MAIZE"",""TONNE_HA"",""A"",""2011"",33.684,"
"ISR,""CROPYIELD"",""MAIZE"",""TONNE_HA"",""A"",""2012"",25.449,"
"ISR,""CROPYIELD"",""MAIZE"",""TONNE_HA"",""A"",""2013"",22.541,"
"ISR,""CROPYIELD"",""MAIZE"",""TONNE_HA"",""A"",""2014"",34.098,"
"ISR,""CROPYIELD"",""MAIZE"",""TONNE_HA"",""A"",""2015"",20.698,"
"ISR,""CROPYIELD"",""MAIZE"",""TONNE_HA"",""A"",""2016"",22.923,"
"ISR,""CROPYIELD"",""MAIZE"",""TONNE_HA"",""A"",""2017"",30,"
"ISR,""CROPYIELD"",""MAIZE"",""TONNE_HA"",""A"",""2018"",31.333,"
"ISR,""CROPYIELD"",""MAIZE"",""TONNE_HA"",""A"",""2019"",29.333,"
"ISR,""CROPYIELD"",""MAIZE"",""TONNE_HA"",""A"",""2020"",31.101,"
"ISR,""CROPYIELD"",""MAIZE"",""TONNE_HA"",""A"",""2021"",31.533,"
"ISR,""CROPYIELD"",""MAIZE"",""TONNE_HA"",""A"",""2022"",32.006,"
"ISR,""CROPYIELD"",""MAIZE"",""TONNE_HA"",""A"",""2023"",32.484,"
"ISR,""CROPYIELD"",""MAIZE"",""TONNE_HA"",""A"",""2024"",32.972,"
"ISR,""CROPYIELD"",""MAIZE"",""TONNE_HA"",""A"",""2025"",33.459,"
"ISR,""CROPYIELD"",""MAIZE"",""TONNE_HA"",""A"",""2026"",33.954,"
"ISR,""CROPYIELD"",""MAIZE"",""TONNE_HA"",""A"",""2027"",34.458,"
"ISR,""CROPYIELD"",""MAIZE"",""TONNE_HA"",""A"",""2028"",34.966,"
"ISR,""CROPYIELD"",""MAIZE"",""TONNE_HA"",""A"",""2029"",35.483,"
"WLD,""CROPYIELD"",""MAIZE"",""TONNE_HA"",""A"",""1990"",3.662,"
"WLD,""CROPYIELD"",""MAIZE"",""TONNE_HA"",""A"",""1991"",3.614,"
"WLD,""CROPYIELD"",""MAIZE"",""TONNE_HA"",""A"",""1992"",4.008,"
"WLD,""CROPYIELD"",""MAIZE"",""TONNE_HA"",""A"",""1993"",3.578,"
"WLD,""CROPYIELD"",""MAIZE"",""TONNE_HA"",""A"",""1994"",4.11,"
"WLD,""CROPYIELD"",""MAIZE"",""TONNE_HA"",""A"",""1995"",3.811,"
"WLD,""CROPYIELD"",""MAIZE"",""TONNE_HA"",""A"",""1996"",4.182,"
"WLD,""CROPYIELD"",""MAIZE"",""TONNE_HA"",""A"",""1997"",4.181,"
"WLD,""CROPYIELD"",""MAIZE"",""TONNE_HA"",""A"",""1998"",4.373,"
"WLD,""CROPYIELD"",""MAIZE"",""TONNE_HA"",""A"",""1999"",4.358,"
"WLD,""CROPYIELD"",""MAIZE"",""TONNE_HA"",""A"",""2000"",4.293,"
"WLD,""CROPYIELD"",""MAIZE"",""TONNE_HA"",""A"",""2001"",4.393,"
"WLD,""CROPYIELD"",""MAIZE"",""TONNE_HA"",""A"",""2002"",4.382,"
"WLD,""CROPYIELD"",""MAIZE"",""TONNE_HA"",""A"",""2003"",4.333,"
"WLD,""CROPYIELD"",""MAIZE"",""TONNE_HA"",""A"",""2004"",4.946,"
"WLD,""CROPYIELD"",""MAIZE"",""TONNE_HA"",""A"",""2005"",4.853,"
"WLD,""CROPYIELD"",""MAIZE"",""TONNE_HA"",""A"",""2006"",4.813,"
"WLD,""CROPYIELD"",""MAIZE"",""TONNE_HA"",""A"",""2007"",4.943,"
"WLD,""CROPYIELD"",""MAIZE"",""TONNE_HA"",""A"",""2008"",5.056,"
"WLD,""CROPYIELD"",""MAIZE"",""TONNE_HA"",""A"",""2009"",5.227,"
"WLD,""CROPYIELD"",""MAIZE"",""TONNE_HA"",""A"",""2010"",5.118,"
"WLD,""CROPYIELD"",""MAIZE"",""TONNE_HA"",""A"",""2011"",5.305,"
"WLD,""CROPYIELD"",""MAIZE"",""TONNE_HA"",""A"",""2012"",4.968,"
"WLD,""CROPYIELD"",""MAIZE"",""TONNE_HA"",""A"",""2013"",5.55,"
"WLD,""CROPYIELD"",""MAIZE"",""TONNE_HA"",""A"",""2014"",5.748,"
"WLD,""CROPYIELD"",""MAIZE"",""TONNE_HA"",""A"",""2015"",5.561,"
"WLD,""CROPYIELD"",""MAIZE"",""TONNE_HA"",""A"",""2016"",5.94,"
"WLD,""CROPYIELD"",""MAIZE"",""TONNE_HA"",""A"",""2017"",5.843,"
"WLD,""CROPYIELD"",""MAIZE"",""TONNE_HA"",""A"",""2018"",6.058,"
"WLD,""CROPYIELD"",""MAIZE"",""TONNE_HA"",""A"",""2019"",5.922,"
"WLD,""CROPYIELD"",""MAIZE"",""TONNE_HA"",""A"",""2020"",6.075,"
"WLD,""CROPYIELD"",""MAIZE"",""TONNE_HA"",""A"",""2021"",6.127,"
"WLD,""CROPYIELD"",""MAIZE"",""TONNE_HA"",""A"",""2022"",6.177,"
"WLD,""CROPYIELD"",""MAIZE"",""TONNE_HA"",""A"",""2023"",6.245,"
"WLD,""CROPYIELD"",""MAIZE"",""TONNE_HA"",""A"",""2024"",6.312,"
"WLD,""CROPYIELD"",""MAIZE"",""TONNE_HA"",""A"",""2025"",6.386,"
"WLD,""CROPYIELD"",""MAIZE"",""TONNE_HA"",""A"",""2026"",6.453,"
"WLD,""CROPYIELD"",""MAIZE"",""TONNE_HA"",""A"",""2027"",6.52,"
"WLD,""CROPYIELD"",""MAIZE"",""TONNE_HA"",""A"",""2028"",6.587,"
"WLD,""CROPYIELD"",""MAIZE"",""TONNE_HA"",""A"",""2029"",6.655,"
"CHL,""CROPYIELD"",""MAIZE"",""TONNE_HA"",""A"",""1990"",8.36,"
"CHL,""CROPYIELD"",""MAIZE"",""TONNE_HA"",""A"",""1991"",8.514,"
"CHL,""CROPYIELD"",""MAIZE"",""TONNE_HA"",""A"",""1992"",8.481,"
"CHL,""CROPYIELD"",""MAIZE"",""TONNE_HA"",""A"",""1993"",8.924,"
"CHL,""CROPYIELD"",""MAIZE"",""TONNE_HA"",""A"",""1994"",9.058,"
"CHL,""CROPYIELD"",""MAIZE"",""TONNE_HA"",""A"",""1995"",9.414,"
"CHL,""CROPYIELD"",""MAIZE"",""TONNE_HA"",""A"",""1996"",8.234,"
"CHL,""CROPYIELD"",""MAIZE"",""TONNE_HA"",""A"",""1997"",9.43,"
"CHL,""CROPYIELD"",""MAIZE"",""TONNE_HA"",""A"",""1998"",8.548,"
"CHL,""CROPYIELD"",""MAIZE"",""TONNE_HA"",""A"",""1999"",9.449,"
"CHL,""CROPYIELD"",""MAIZE"",""TONNE_HA"",""A"",""2000"",9.374,"
"CHL,""CROPYIELD"",""MAIZE"",""TONNE_HA"",""A"",""2001"",10.621,"
"CHL,""CROPYIELD"",""MAIZE"",""TONNE_HA"",""A"",""2002"",10.818,"
"CHL,""CROPYIELD"",""MAIZE"",""TONNE_HA"",""A"",""2003"",11.101,"
"CHL,""CROPYIELD"",""MAIZE"",""TONNE_HA"",""A"",""2004"",11.254,"
"CHL,""CROPYIELD"",""MAIZE"",""TONNE_HA"",""A"",""2005"",11.145,"
"CHL,""CROPYIELD"",""MAIZE"",""TONNE_HA"",""A"",""2006"",8.896,"
"CHL,""CROPYIELD"",""MAIZE"",""TONNE_HA"",""A"",""2007"",10.133,"
"CHL,""CROPYIELD"",""MAIZE"",""TONNE_HA"",""A"",""2008"",10.494,"
"CHL,""CROPYIELD"",""MAIZE"",""TONNE_HA"",""A"",""2009"",11.081,"
"CHL,""CROPYIELD"",""MAIZE"",""TONNE_HA"",""A"",""2010"",12.001,"
"CHL,""CROPYIELD"",""MAIZE"",""TONNE_HA"",""A"",""2011"",10.72,"
"CHL,""CROPYIELD"",""MAIZE"",""TONNE_HA"",""A"",""2012"",10.635,"
"CHL,""CROPYIELD"",""MAIZE"",""TONNE_HA"",""A"",""2013"",10.102,"
"CHL,""CROPYIELD"",""MAIZE"",""TONNE_HA"",""A"",""2014"",12.292,"
"CHL,""CROPYIELD"",""MAIZE"",""TONNE_HA"",""A"",""2015"",11.539,"
"CHL,""CROPYIELD"",""MAIZE"",""TONNE_HA"",""A"",""2016"",11.232,"
"CHL,""CROPYIELD"",""MAIZE"",""TONNE_HA"",""A"",""2017"",12.479,"
"CHL,""CROPYIELD"",""MAIZE"",""TONNE_HA"",""A"",""2018"",12.1,"
"CHL,""CROPYIELD"",""MAIZE"",""TONNE_HA"",""A"",""2019"",12.192,"
"CHL,""CROPYIELD"",""MAIZE"",""TONNE_HA"",""A"",""2020"",12.641,"
"CHL,""CROPYIELD"",""MAIZE"",""TONNE_HA"",""A"",""2021"",12.793,"
"CHL,""CROPYIELD"",""MAIZE"",""TONNE_HA"",""A"",""2022"",12.995,"
"CHL,""CROPYIELD"",""MAIZE"",""TONNE_HA"",""A"",""2023"",13.193,"
"CHL,""CROPYIELD"",""MAIZE"",""TONNE_HA"",""A"",""2024"",13.394,"
"CHL,""CROPYIELD"",""MAIZE"",""TONNE_HA"",""A"",""2025"",13.595,"
"CHL,""CROPYIELD"",""MAIZE"",""TONNE_HA"",""A"",""2026"",13.799,"
"CHL,""CROPYIELD"",""MAIZE"",""TONNE_HA"",""A"",""2027"",14.005,"
"CHL,""CROPYIELD"",""MAIZE"",""TONNE_HA"",""A"",""2028"",14.214,"
"CHL,""CROPYIELD"",""MAIZE"",""TONNE_HA"",""A"",""2029"",14.427,"
"BRA,""CROPYIELD"",""MAIZE"",""TONNE_HA"",""A"",""1990"",1.791,"
"BRA,""CROPYIELD"",""MAIZE"",""TONNE_HA"",""A"",""1991"",2.194,"
"BRA,""CROPYIELD"",""MAIZE"",""TONNE_HA"",""A"",""1992"",2.349,"
"BRA,""CROPYIELD"",""MAIZE"",""TONNE_HA"",""A"",""1993"",2.344,"
"BRA,""CROPYIELD"",""MAIZE"",""TONNE_HA"",""A"",""1994"",2.622,"
"BRA,""CROPYIELD"",""MAIZE"",""TONNE_HA"",""A"",""1995"",2.356,"
"BRA,""CROPYIELD"",""MAIZE"",""TONNE_HA"",""A"",""1996"",2.588,"
"BRA,""CROPYIELD"",""MAIZE"",""TONNE_HA"",""A"",""1997"",2.65,"
"BRA,""CROPYIELD"",""MAIZE"",""TONNE_HA"",""A"",""1998"",2.589,"
"BRA,""CROPYIELD"",""MAIZE"",""TONNE_HA"",""A"",""1999"",2.48,"
"BRA,""CROPYIELD"",""MAIZE"",""TONNE_HA"",""A"",""2000"",3.26,"
"BRA,""CROPYIELD"",""MAIZE"",""TONNE_HA"",""A"",""2001"",2.868,"
"BRA,""CROPYIELD"",""MAIZE"",""TONNE_HA"",""A"",""2002"",3.585,"
"BRA,""CROPYIELD"",""MAIZE"",""TONNE_HA"",""A"",""2003"",3.296,"
"BRA,""CROPYIELD"",""MAIZE"",""TONNE_HA"",""A"",""2004"",2.868,"
"BRA,""CROPYIELD"",""MAIZE"",""TONNE_HA"",""A"",""2005"",3.28,"
"BRA,""CROPYIELD"",""MAIZE"",""TONNE_HA"",""A"",""2006"",3.655,"
"BRA,""CROPYIELD"",""MAIZE"",""TONNE_HA"",""A"",""2007"",3.972,"
"BRA,""CROPYIELD"",""MAIZE"",""TONNE_HA"",""A"",""2008"",3.599,"
"BRA,""CROPYIELD"",""MAIZE"",""TONNE_HA"",""A"",""2009"",4.311,"
"BRA,""CROPYIELD"",""MAIZE"",""TONNE_HA"",""A"",""2010"",4.158,"
"BRA,""CROPYIELD"",""MAIZE"",""TONNE_HA"",""A"",""2011"",4.808,"
"BRA,""CROPYIELD"",""MAIZE"",""TONNE_HA"",""A"",""2012"",5.149,"
"BRA,""CROPYIELD"",""MAIZE"",""TONNE_HA"",""A"",""2013"",5.057,"
"BRA,""CROPYIELD"",""MAIZE"",""TONNE_HA"",""A"",""2014"",5.396,"
"BRA,""CROPYIELD"",""MAIZE"",""TONNE_HA"",""A"",""2015"",4.178,"
"BRA,""CROPYIELD"",""MAIZE"",""TONNE_HA"",""A"",""2016"",5.562,"
"BRA,""CROPYIELD"",""MAIZE"",""TONNE_HA"",""A"",""2017"",4.857,"
"BRA,""CROPYIELD"",""MAIZE"",""TONNE_HA"",""A"",""2018"",5.238,"
"BRA,""CROPYIELD"",""MAIZE"",""TONNE_HA"",""A"",""2019"",5.364,"
"BRA,""CROPYIELD"",""MAIZE"",""TONNE_HA"",""A"",""2020"",5.467,"
"BRA,""CROPYIELD"",""MAIZE"",""TONNE_HA"",""A"",""2021"",5.573,"
"BRA,""CROPYIELD"",""MAIZE"",""TONNE_HA"",""A"",""2022"",5.676,"
"BRA,""CROPYIELD"",""MAIZE"",""TONNE_HA"",""A"",""2023"",5.779,"
"BRA,""CROPYIELD"",""MAIZE"",""TONNE_HA"",""A"",""2024"",5.883,"
"BRA,""CROPYIELD"",""MAIZE"",""TONNE_HA"",""A"",""2025"",5.986,"
"BRA,""CROPYIELD"",""MAIZE"",""TONNE_HA"",""A"",""2026"",6.089,"
"BRA,""CROPYIELD"",""MAIZE"",""TONNE_HA"",""A"",""2027"",6.193,"
"BRA,""CROPYIELD"",""MAIZE"",""TONNE_HA"",""A"",""2028"",6.296,"
"BRA,""CROPYIELD"",""MAIZE"",""TONNE_HA"",""A"",""2029"",6.399,"
"IND,""CROPYIELD"",""MAIZE"",""TONNE_HA"",""A"",""1990"",1.518,"
"IND,""CROPYIELD"",""MAIZE"",""TONNE_HA"",""A"",""1991"",1.376,"
"IND,""CROPYIELD"",""MAIZE"",""TONNE_HA"",""A"",""1992"",1.676,"
"IND,""CROPYIELD"",""MAIZE"",""TONNE_HA"",""A"",""1993"",1.602,"
"IND,""CROPYIELD"",""MAIZE"",""TONNE_HA"",""A"",""1994"",1.448,"
"IND,""CROPYIELD"",""MAIZE"",""TONNE_HA"",""A"",""1995"",1.595,"
"IND,""CROPYIELD"",""MAIZE"",""TONNE_HA"",""A"",""1996"",1.709,"
"IND,""CROPYIELD"",""MAIZE"",""TONNE_HA"",""A"",""1997"",1.711,"
"IND,""CROPYIELD"",""MAIZE"",""TONNE_HA"",""A"",""1998"",1.755,"
"IND,""CROPYIELD"",""MAIZE"",""TONNE_HA"",""A"",""1999"",1.792,"
"IND,""CROPYIELD"",""MAIZE"",""TONNE_HA"",""A"",""2000"",1.822,"
"IND,""CROPYIELD"",""MAIZE"",""TONNE_HA"",""A"",""2001"",1.999,"
"IND,""CROPYIELD"",""MAIZE"",""TONNE_HA"",""A"",""2002"",1.681,"
"IND,""CROPYIELD"",""MAIZE"",""TONNE_HA"",""A"",""2003"",2.041,"
"IND,""CROPYIELD"",""MAIZE"",""TONNE_HA"",""A"",""2004"",1.908,"
"IND,""CROPYIELD"",""MAIZE"",""TONNE_HA"",""A"",""2005"",1.939,"
"IND,""CROPYIELD"",""MAIZE"",""TONNE_HA"",""A"",""2006"",1.913,"
"IND,""CROPYIELD"",""MAIZE"",""TONNE_HA"",""A"",""2007"",2.335,"
"IND,""CROPYIELD"",""MAIZE"",""TONNE_HA"",""A"",""2008"",2.414,"
"IND,""CROPYIELD"",""MAIZE"",""TONNE_HA"",""A"",""2009"",2.024,"
"IND,""CROPYIELD"",""MAIZE"",""TONNE_HA"",""A"",""2010"",2.54,"
"IND,""CROPYIELD"",""MAIZE"",""TONNE_HA"",""A"",""2011"",2.478,"
"IND,""CROPYIELD"",""MAIZE"",""TONNE_HA"",""A"",""2012"",2.556,"
"IND,""CROPYIELD"",""MAIZE"",""TONNE_HA"",""A"",""2013"",2.573,"
"IND,""CROPYIELD"",""MAIZE"",""TONNE_HA"",""A"",""2014"",2.611,"
"IND,""CROPYIELD"",""MAIZE"",""TONNE_HA"",""A"",""2015"",2.597,"
"IND,""CROPYIELD"",""MAIZE"",""TONNE_HA"",""A"",""2016"",2.689,"
"IND,""CROPYIELD"",""MAIZE"",""TONNE_HA"",""A"",""2017"",3.035,"
"IND,""CROPYIELD"",""MAIZE"",""TONNE_HA"",""A"",""2018"",2.984,"
"IND,""CROPYIELD"",""MAIZE"",""TONNE_HA"",""A"",""2019"",2.99,"
"IND,""CROPYIELD"",""MAIZE"",""TONNE_HA"",""A"",""2020"",3.097,"
"IND,""CROPYIELD"",""MAIZE"",""TONNE_HA"",""A"",""2021"",3.145,"
"IND,""CROPYIELD"",""MAIZE"",""TONNE_HA"",""A"",""2022"",3.194,"
"IND,""CROPYIELD"",""MAIZE"",""TONNE_HA"",""A"",""2023"",3.243,"
"IND,""CROPYIELD"",""MAIZE"",""TONNE_HA"",""A"",""2024"",3.294,"
"IND,""CROPYIELD"",""MAIZE"",""TONNE_HA"",""A"",""2025"",3.344,"
"IND,""CROPYIELD"",""MAIZE"",""TONNE_HA"",""A"",""2026"",3.396,"
"IND,""CROPYIELD"",""MAIZE"",""TONNE_HA"",""A"",""2027"",3.448,"
"IND,""CROPYIELD"",""MAIZE"",""TONNE_HA"",""A"",""2028"",3.5,"
"IND,""CROPYIELD"",""MAIZE"",""TONNE_HA"",""A"",""2029"",3.554,"
"NOR,""CROPYIELD"",""MAIZE"",""TONNE_HA"",""A"",""1990"",0,"
"NOR,""CROPYIELD"",""MAIZE"",""TONNE_HA"",""A"",""1991"",0,"
"NOR,""CROPYIELD"",""MAIZE"",""TONNE_HA"",""A"",""1992"",0,"
"NOR,""CROPYIELD"",""MAIZE"",""TONNE_HA"",""A"",""1993"",0,"
"NOR,""CROPYIELD"",""MAIZE"",""TONNE_HA"",""A"",""1994"",0,"
"NOR,""CROPYIELD"",""MAIZE"",""TONNE_HA"",""A"",""1995"",0,"
"NOR,""CROPYIELD"",""MAIZE"",""TONNE_HA"",""A"",""1996"",0,"
"NOR,""CROPYIELD"",""MAIZE"",""TONNE_HA"",""A"",""1997"",0,"
"NOR,""CROPYIELD"",""MAIZE"",""TONNE_HA"",""A"",""1998"",0,"
"NOR,""CROPYIELD"",""MAIZE"",""TONNE_HA"",""A"",""1999"",0,"
"NOR,""CROPYIELD"",""MAIZE"",""TONNE_HA"",""A"",""2000"",0,"
"NOR,""CROPYIELD"",""MAIZE"",""TONNE_HA"",""A"",""2001"",0,"
"NOR,""CROPYIELD"",""MAIZE"",""TONNE_HA"",""A"",""2002"",0,"
"NOR,""CROPYIELD"",""MAIZE"",""TONNE_HA"",""A"",""2003"",0,"
"NOR,""CROPYIELD"",""MAIZE"",""TONNE_HA"",""A"",""2004"",0,"
"NOR,""CROPYIELD"",""MAIZE"",""TONNE_HA"",""A"",""2005"",0,"
"NOR,""CROPYIELD"",""MAIZE"",""TONNE_HA"",""A"",""2006"",0,"
"NOR,""CROPYIELD"",""MAIZE"",""TONNE_HA"",""A"",""2007"",0,"
"NOR,""CROPYIELD"",""MAIZE"",""TONNE_HA"",""A"",""2008"",0,"
"NOR,""CROPYIELD"",""MAIZE"",""TONNE_HA"",""A"",""2009"",0,"
"NOR,""CROPYIELD"",""MAIZE"",""TONNE_HA"",""A"",""2010"",0,"
"NOR,""CROPYIELD"",""MAIZE"",""TONNE_HA"",""A"",""2011"",0,"
"NOR,""CROPYIELD"",""MAIZE"",""TONNE_HA"",""A"",""2012"",0,"
"NOR,""CROPYIELD"",""MAIZE"",""TONNE_HA"",""A"",""2013"",0,"
"NOR,""CROPYIELD"",""MAIZE"",""TONNE_HA"",""A"",""2014"",0,"
"NOR,""CROPYIELD"",""MAIZE"",""TONNE_HA"",""A"",""2015"",0,"
"NOR,""CROPYIELD"",""MAIZE"",""TONNE_HA"",""A"",""2016"",0,"
"NOR,""CROPYIELD"",""MAIZE"",""TONNE_HA"",""A"",""2017"",0,"
"NOR,""CROPYIELD"",""MAIZE"",""TONNE_HA"",""A"",""2018"",0,"
"NOR,""CROPYIELD"",""MAIZE"",""TONNE_HA"",""A"",""2019"",0,"
"NOR,""CROPYIELD"",""MAIZE"",""TONNE_HA"",""A"",""2020"",0,"
"NOR,""CROPYIELD"",""MAIZE"",""TONNE_HA"",""A"",""2021"",0,"
"NOR,""CROPYIELD"",""MAIZE"",""TONNE_HA"",""A"",""2022"",0,"
"NOR,""CROPYIELD"",""MAIZE"",""TONNE_HA"",""A"",""2023"",0,"
"NOR,""CROPYIELD"",""MAIZE"",""TONNE_HA"",""A"",""2024"",0,"
"NOR,""CROPYIELD"",""MAIZE"",""TONNE_HA"",""A"",""2025"",0,"
"NOR,""CROPYIELD"",""MAIZE"",""TONNE_HA"",""A"",""2026"",0,"
"NOR,""CROPYIELD"",""MAIZE"",""TONNE_HA"",""A"",""2027"",0,"
"NOR,""CROPYIELD"",""MAIZE"",""TONNE_HA"",""A"",""2028"",0,"
"NOR,""CROPYIELD"",""MAIZE"",""TONNE_HA"",""A"",""2029"",0,"
"THA,""CROPYIELD"",""MAIZE"",""TONNE_HA"",""A"",""1990"",2.409,"
"THA,""CROPYIELD"",""MAIZE"",""TONNE_HA"",""A"",""1991"",2.711,"
"THA,""CROPYIELD"",""MAIZE"",""TONNE_HA"",""A"",""1992"",2.971,"
"THA,""CROPYIELD"",""MAIZE"",""TONNE_HA"",""A"",""1993"",2.653,"
"THA,""CROPYIELD"",""MAIZE"",""TONNE_HA"",""A"",""1994"",2.882,"
"THA,""CROPYIELD"",""MAIZE"",""TONNE_HA"",""A"",""1995"",3.284,"
"THA,""CROPYIELD"",""MAIZE"",""TONNE_HA"",""A"",""1996"",3.447,"
"THA,""CROPYIELD"",""MAIZE"",""TONNE_HA"",""A"",""1997"",3.199,"
"THA,""CROPYIELD"",""MAIZE"",""TONNE_HA"",""A"",""1998"",3.348,"
"THA,""CROPYIELD"",""MAIZE"",""TONNE_HA"",""A"",""1999"",3.563,"
"THA,""CROPYIELD"",""MAIZE"",""TONNE_HA"",""A"",""2000"",3.672,"
"THA,""CROPYIELD"",""MAIZE"",""TONNE_HA"",""A"",""2001"",3.734,"
"THA,""CROPYIELD"",""MAIZE"",""TONNE_HA"",""A"",""2002"",3.73,"
"THA,""CROPYIELD"",""MAIZE"",""TONNE_HA"",""A"",""2003"",3.854,"
"THA,""CROPYIELD"",""MAIZE"",""TONNE_HA"",""A"",""2004"",3.871,"
"THA,""CROPYIELD"",""MAIZE"",""TONNE_HA"",""A"",""2005"",3.828,"
"THA,""CROPYIELD"",""MAIZE"",""TONNE_HA"",""A"",""2006"",3.957,"
"THA,""CROPYIELD"",""MAIZE"",""TONNE_HA"",""A"",""2007"",3.929,"
"THA,""CROPYIELD"",""MAIZE"",""TONNE_HA"",""A"",""2008"",4.074,"
"THA,""CROPYIELD"",""MAIZE"",""TONNE_HA"",""A"",""2009"",4.177,"
"THA,""CROPYIELD"",""MAIZE"",""TONNE_HA"",""A"",""2010"",4.061,"
"THA,""CROPYIELD"",""MAIZE"",""TONNE_HA"",""A"",""2011"",4.203,"
"THA,""CROPYIELD"",""MAIZE"",""TONNE_HA"",""A"",""2012"",4.178,"
"THA,""CROPYIELD"",""MAIZE"",""TONNE_HA"",""A"",""2013"",4.048,"
"THA,""CROPYIELD"",""MAIZE"",""TONNE_HA"",""A"",""2014"",4.178,"
"THA,""CROPYIELD"",""MAIZE"",""TONNE_HA"",""A"",""2015"",4.15,"
"THA,""CROPYIELD"",""MAIZE"",""TONNE_HA"",""A"",""2016"",4.234,"
"THA,""CROPYIELD"",""MAIZE"",""TONNE_HA"",""A"",""2017"",4.598,"
"THA,""CROPYIELD"",""MAIZE"",""TONNE_HA"",""A"",""2018"",4.649,"
"THA,""CROPYIELD"",""MAIZE"",""TONNE_HA"",""A"",""2019"",4.672,"
"THA,""CROPYIELD"",""MAIZE"",""TONNE_HA"",""A"",""2020"",4.786,"
"THA,""CROPYIELD"",""MAIZE"",""TONNE_HA"",""A"",""2021"",4.861,"
"THA,""CROPYIELD"",""MAIZE"",""TONNE_HA"",""A"",""2022"",4.932,"
"THA,""CROPYIELD"",""MAIZE"",""TONNE_HA"",""A"",""2023"",5.005,"
"THA,""CROPYIELD"",""MAIZE"",""TONNE_HA"",""A"",""2024"",5.082,"
"THA,""CROPYIELD"",""MAIZE"",""TONNE_HA"",""A"",""2025"",5.16,"
"THA,""CROPYIELD"",""MAIZE"",""TONNE_HA"",""A"",""2026"",5.238,"
"THA,""CROPYIELD"",""MAIZE"",""TONNE_HA"",""A"",""2027"",5.319,"
"THA,""CROPYIELD"",""MAIZE"",""TONNE_HA"",""A"",""2028"",5.4,"
"THA,""CROPYIELD"",""MAIZE"",""TONNE_HA"",""A"",""2029"",5.482,"
"ETH,""CROPYIELD"",""MAIZE"",""TONNE_HA"",""A"",""1990"",2,"
"ETH,""CROPYIELD"",""MAIZE"",""TONNE_HA"",""A"",""1991"",2,"
"ETH,""CROPYIELD"",""MAIZE"",""TONNE_HA"",""A"",""1992"",666668.17,"
"ETH,""CROPYIELD"",""MAIZE"",""TONNE_HA"",""A"",""1993"",0.954,"
"ETH,""CROPYIELD"",""MAIZE"",""TONNE_HA"",""A"",""1994"",1.058,"
"ETH,""CROPYIELD"",""MAIZE"",""TONNE_HA"",""A"",""1995"",1.842,"
"ETH,""CROPYIELD"",""MAIZE"",""TONNE_HA"",""A"",""1996"",1.458,"
"ETH,""CROPYIELD"",""MAIZE"",""TONNE_HA"",""A"",""1997"",1.739,"
"ETH,""CROPYIELD"",""MAIZE"",""TONNE_HA"",""A"",""1998"",1.618,"
"ETH,""CROPYIELD"",""MAIZE"",""TONNE_HA"",""A"",""1999"",1.715,"
"ETH,""CROPYIELD"",""MAIZE"",""TONNE_HA"",""A"",""2000"",1.62,"
"ETH,""CROPYIELD"",""MAIZE"",""TONNE_HA"",""A"",""2001"",1.742,"
"ETH,""CROPYIELD"",""MAIZE"",""TONNE_HA"",""A"",""2002"",1.875,"
"ETH,""CROPYIELD"",""MAIZE"",""TONNE_HA"",""A"",""2003"",1.532,"
"ETH,""CROPYIELD"",""MAIZE"",""TONNE_HA"",""A"",""2004"",1.613,"
"ETH,""CROPYIELD"",""MAIZE"",""TONNE_HA"",""A"",""2005"",2.006,"
"ETH,""CROPYIELD"",""MAIZE"",""TONNE_HA"",""A"",""2006"",2.641,"
"ETH,""CROPYIELD"",""MAIZE"",""TONNE_HA"",""A"",""2007"",1.969,"
"ETH,""CROPYIELD"",""MAIZE"",""TONNE_HA"",""A"",""2008"",2.137,"
"ETH,""CROPYIELD"",""MAIZE"",""TONNE_HA"",""A"",""2009"",2.204,"
"ETH,""CROPYIELD"",""MAIZE"",""TONNE_HA"",""A"",""2010"",2.814,"
"ETH,""CROPYIELD"",""MAIZE"",""TONNE_HA"",""A"",""2011"",3.092,"
"ETH,""CROPYIELD"",""MAIZE"",""TONNE_HA"",""A"",""2012"",2.997,"
"ETH,""CROPYIELD"",""MAIZE"",""TONNE_HA"",""A"",""2013"",3.225,"
"ETH,""CROPYIELD"",""MAIZE"",""TONNE_HA"",""A"",""2014"",3.627,"
"ETH,""CROPYIELD"",""MAIZE"",""TONNE_HA"",""A"",""2015"",3.951,"
"ETH,""CROPYIELD"",""MAIZE"",""TONNE_HA"",""A"",""2016"",3.933,"
"ETH,""CROPYIELD"",""MAIZE"",""TONNE_HA"",""A"",""2017"",4.209,"
"ETH,""CROPYIELD"",""MAIZE"",""TONNE_HA"",""A"",""2018"",4.758,"
"ETH,""CROPYIELD"",""MAIZE"",""TONNE_HA"",""A"",""2019"",4.712,"
"ETH,""CROPYIELD"",""MAIZE"",""TONNE_HA"",""A"",""2020"",4.6,"
"ETH,""CROPYIELD"",""MAIZE"",""TONNE_HA"",""A"",""2021"",4.661,"
"ETH,""CROPYIELD"",""MAIZE"",""TONNE_HA"",""A"",""2022"",4.721,"
"ETH,""CROPYIELD"",""MAIZE"",""TONNE_HA"",""A"",""2023"",4.783,"
"ETH,""CROPYIELD"",""MAIZE"",""TONNE_HA"",""A"",""2024"",4.845,"
"ETH,""CROPYIELD"",""MAIZE"",""TONNE_HA"",""A"",""2025"",4.908,"
"ETH,""CROPYIELD"",""MAIZE"",""TONNE_HA"",""A"",""2026"",4.972,"
"ETH,""CROPYIELD"",""MAIZE"",""TONNE_HA"",""A"",""2027"",5.037,"
"ETH,""CROPYIELD"",""MAIZE"",""TONNE_HA"",""A"",""2028"",5.103,"
"ETH,""CROPYIELD"",""MAIZE"",""TONNE_HA"",""A"",""2029"",5.169,"
"ZAF,""CROPYIELD"",""MAIZE"",""TONNE_HA"",""A"",""1990"",2.257,"
"ZAF,""CROPYIELD"",""MAIZE"",""TONNE_HA"",""A"",""1991"",0.785,"
"ZAF,""CROPYIELD"",""MAIZE"",""TONNE_HA"",""A"",""1992"",2.284,"
"ZAF,""CROPYIELD"",""MAIZE"",""TONNE_HA"",""A"",""1993"",2.848,"
"ZAF,""CROPYIELD"",""MAIZE"",""TONNE_HA"",""A"",""1994"",1.38,"
"ZAF,""CROPYIELD"",""MAIZE"",""TONNE_HA"",""A"",""1995"",2.704,"
"ZAF,""CROPYIELD"",""MAIZE"",""TONNE_HA"",""A"",""1996"",2.52,"
"ZAF,""CROPYIELD"",""MAIZE"",""TONNE_HA"",""A"",""1997"",2.161,"
"ZAF,""CROPYIELD"",""MAIZE"",""TONNE_HA"",""A"",""1998"",2.233,"
"ZAF,""CROPYIELD"",""MAIZE"",""TONNE_HA"",""A"",""1999"",2.998,"
"ZAF,""CROPYIELD"",""MAIZE"",""TONNE_HA"",""A"",""2000"",2.411,"
"ZAF,""CROPYIELD"",""MAIZE"",""TONNE_HA"",""A"",""2001"",2.852,"
"ZAF,""CROPYIELD"",""MAIZE"",""TONNE_HA"",""A"",""2002"",2.658,"
"ZAF,""CROPYIELD"",""MAIZE"",""TONNE_HA"",""A"",""2003"",3.031,"
"ZAF,""CROPYIELD"",""MAIZE"",""TONNE_HA"",""A"",""2004"",3.635,"
"ZAF,""CROPYIELD"",""MAIZE"",""TONNE_HA"",""A"",""2005"",3.413,"
"ZAF,""CROPYIELD"",""MAIZE"",""TONNE_HA"",""A"",""2006"",2.533,"
"ZAF,""CROPYIELD"",""MAIZE"",""TONNE_HA"",""A"",""2007"",3.993,"
"ZAF,""CROPYIELD"",""MAIZE"",""TONNE_HA"",""A"",""2008"",4.339,"
"ZAF,""CROPYIELD"",""MAIZE"",""TONNE_HA"",""A"",""2009"",4.113,"
"ZAF,""CROPYIELD"",""MAIZE"",""TONNE_HA"",""A"",""2010"",3.821,"
"ZAF,""CROPYIELD"",""MAIZE"",""TONNE_HA"",""A"",""2011"",4.062,"
"ZAF,""CROPYIELD"",""MAIZE"",""TONNE_HA"",""A"",""2012"",3.874,"
"ZAF,""CROPYIELD"",""MAIZE"",""TONNE_HA"",""A"",""2013"",4.768,"
"ZAF,""CROPYIELD"",""MAIZE"",""TONNE_HA"",""A"",""2014"",3.487,"
"ZAF,""CROPYIELD"",""MAIZE"",""TONNE_HA"",""A"",""2015"",3.714,"
"ZAF,""CROPYIELD"",""MAIZE"",""TONNE_HA"",""A"",""2016"",5.86,"
"ZAF,""CROPYIELD"",""MAIZE"",""TONNE_HA"",""A"",""2017"",5.696,"
"ZAF,""CROPYIELD"",""MAIZE"",""TONNE_HA"",""A"",""2018"",5.057,"
"ZAF,""CROPYIELD"",""MAIZE"",""TONNE_HA"",""A"",""2019"",5.369,"
"ZAF,""CROPYIELD"",""MAIZE"",""TONNE_HA"",""A"",""2020"",5.525,"
"ZAF,""CROPYIELD"",""MAIZE"",""TONNE_HA"",""A"",""2021"",5.601,"
"ZAF,""CROPYIELD"",""MAIZE"",""TONNE_HA"",""A"",""2022"",5.687,"
"ZAF,""CROPYIELD"",""MAIZE"",""TONNE_HA"",""A"",""2023"",5.772,"
"ZAF,""CROPYIELD"",""MAIZE"",""TONNE_HA"",""A"",""2024"",5.859,"
"ZAF,""CROPYIELD"",""MAIZE"",""TONNE_HA"",""A"",""2025"",5.945,"
"ZAF,""CROPYIELD"",""MAIZE"",""TONNE_HA"",""A"",""2026"",6.033,"
"ZAF,""CROPYIELD"",""MAIZE"",""TONNE_HA"",""A"",""2027"",6.122,"
"ZAF,""CROPYIELD"",""MAIZE"",""TONNE_HA"",""A"",""2028"",6.212,"
"ZAF,""CROPYIELD"",""MAIZE"",""TONNE_HA"",""A"",""2029"",6.303,"
"PER,""CROPYIELD"",""MAIZE"",""TONNE_HA"",""A"",""1990"",1.924,"
"PER,""CROPYIELD"",""MAIZE"",""TONNE_HA"",""A"",""1991"",1.884,"
"PER,""CROPYIELD"",""MAIZE"",""TONNE_HA"",""A"",""1992"",2.163,"
"PER,""CROPYIELD"",""MAIZE"",""TONNE_HA"",""A"",""1993"",2.089,"
"PER,""CROPYIELD"",""MAIZE"",""TONNE_HA"",""A"",""1994"",1.959,"
"PER,""CROPYIELD"",""MAIZE"",""TONNE_HA"",""A"",""1995"",2.02,"
"PER,""CROPYIELD"",""MAIZE"",""TONNE_HA"",""A"",""1996"",1.981,"
"PER,""CROPYIELD"",""MAIZE"",""TONNE_HA"",""A"",""1997"",2.101,"
"PER,""CROPYIELD"",""MAIZE"",""TONNE_HA"",""A"",""1998"",2.312,"
"PER,""CROPYIELD"",""MAIZE"",""TONNE_HA"",""A"",""1999"",2.41,"
"PER,""CROPYIELD"",""MAIZE"",""TONNE_HA"",""A"",""2000"",2.591,"
"PER,""CROPYIELD"",""MAIZE"",""TONNE_HA"",""A"",""2001"",3.603,"
"PER,""CROPYIELD"",""MAIZE"",""TONNE_HA"",""A"",""2002"",3.659,"
"PER,""CROPYIELD"",""MAIZE"",""TONNE_HA"",""A"",""2003"",3.484,"
"PER,""CROPYIELD"",""MAIZE"",""TONNE_HA"",""A"",""2004"",3.472,"
"PER,""CROPYIELD"",""MAIZE"",""TONNE_HA"",""A"",""2005"",3.795,"
"PER,""CROPYIELD"",""MAIZE"",""TONNE_HA"",""A"",""2006"",3.942,"
"PER,""CROPYIELD"",""MAIZE"",""TONNE_HA"",""A"",""2007"",4.142,"
"PER,""CROPYIELD"",""MAIZE"",""TONNE_HA"",""A"",""2008"",4.182,"
"PER,""CROPYIELD"",""MAIZE"",""TONNE_HA"",""A"",""2009"",4.258,"
"PER,""CROPYIELD"",""MAIZE"",""TONNE_HA"",""A"",""2010"",4.29,"
"PER,""CROPYIELD"",""MAIZE"",""TONNE_HA"",""A"",""2011"",4.548,"
"PER,""CROPYIELD"",""MAIZE"",""TONNE_HA"",""A"",""2012"",4.469,"
"PER,""CROPYIELD"",""MAIZE"",""TONNE_HA"",""A"",""2013"",3.142,"
"PER,""CROPYIELD"",""MAIZE"",""TONNE_HA"",""A"",""2014"",3.39,"
"PER,""CROPYIELD"",""MAIZE"",""TONNE_HA"",""A"",""2015"",3.255,"
"PER,""CROPYIELD"",""MAIZE"",""TONNE_HA"",""A"",""2016"",3.32,"
"PER,""CROPYIELD"",""MAIZE"",""TONNE_HA"",""A"",""2017"",3.439,"
"PER,""CROPYIELD"",""MAIZE"",""TONNE_HA"",""A"",""2018"",3.378,"
"PER,""CROPYIELD"",""MAIZE"",""TONNE_HA"",""A"",""2019"",3.437,"
"PER,""CROPYIELD"",""MAIZE"",""TONNE_HA"",""A"",""2020"",3.524,"
"PER,""CROPYIELD"",""MAIZE"",""TONNE_HA"",""A"",""2021"",3.577,"
"PER,""CROPYIELD"",""MAIZE"",""TONNE_HA"",""A"",""2022"",3.633,"
"PER,""CROPYIELD"",""MAIZE"",""TONNE_HA"",""A"",""2023"",3.689,"
"PER,""CROPYIELD"",""MAIZE"",""TONNE_HA"",""A"",""2024"",3.747,"
"PER,""CROPYIELD"",""MAIZE"",""TONNE_HA"",""A"",""2025"",3.804,"
"PER,""CROPYIELD"",""MAIZE"",""TONNE_HA"",""A"",""2026"",3.862,"
"PER,""CROPYIELD"",""MAIZE"",""TONNE_HA"",""A"",""2027"",3.921,"
"PER,""CROPYIELD"",""MAIZE"",""TONNE_HA"",""A"",""2028"",3.981,"
"PER,""CROPYIELD"",""MAIZE"",""TONNE_HA"",""A"",""2029"",4.042,"
"AUS,""CROPYIELD"",""MAIZE"",""TONNE_HA"",""A"",""1990"",3.994,"
"AUS,""CROPYIELD"",""MAIZE"",""TONNE_HA"",""A"",""1991"",5.191,"
"AUS,""CROPYIELD"",""MAIZE"",""TONNE_HA"",""A"",""1992"",4.428,"
"AUS,""CROPYIELD"",""MAIZE"",""TONNE_HA"",""A"",""1993"",4.66,"
"AUS,""CROPYIELD"",""MAIZE"",""TONNE_HA"",""A"",""1994"",4.829,"
"AUS,""CROPYIELD"",""MAIZE"",""TONNE_HA"",""A"",""1995"",5.526,"
"AUS,""CROPYIELD"",""MAIZE"",""TONNE_HA"",""A"",""1996"",5.963,"
"AUS,""CROPYIELD"",""MAIZE"",""TONNE_HA"",""A"",""1997"",4.735,"
"AUS,""CROPYIELD"",""MAIZE"",""TONNE_HA"",""A"",""1998"",5.243,"
"AUS,""CROPYIELD"",""MAIZE"",""TONNE_HA"",""A"",""1999"",4.933,"
"AUS,""CROPYIELD"",""MAIZE"",""TONNE_HA"",""A"",""2000"",4.648,"
"AUS,""CROPYIELD"",""MAIZE"",""TONNE_HA"",""A"",""2001"",5.495,"
"AUS,""CROPYIELD"",""MAIZE"",""TONNE_HA"",""A"",""2002"",6.25,"
"AUS,""CROPYIELD"",""MAIZE"",""TONNE_HA"",""A"",""2003"",5.635,"
"AUS,""CROPYIELD"",""MAIZE"",""TONNE_HA"",""A"",""2004"",5.797,"
"AUS,""CROPYIELD"",""MAIZE"",""TONNE_HA"",""A"",""2005"",5.387,"
"AUS,""CROPYIELD"",""MAIZE"",""TONNE_HA"",""A"",""2006"",4.906,"
"AUS,""CROPYIELD"",""MAIZE"",""TONNE_HA"",""A"",""2007"",5.691,"
"AUS,""CROPYIELD"",""MAIZE"",""TONNE_HA"",""A"",""2008"",5.816,"
"AUS,""CROPYIELD"",""MAIZE"",""TONNE_HA"",""A"",""2009"",5.565,"
"AUS,""CROPYIELD"",""MAIZE"",""TONNE_HA"",""A"",""2010"",5.739,"
"AUS,""CROPYIELD"",""MAIZE"",""TONNE_HA"",""A"",""2011"",6.465,"
"AUS,""CROPYIELD"",""MAIZE"",""TONNE_HA"",""A"",""2012"",6.486,"
"AUS,""CROPYIELD"",""MAIZE"",""TONNE_HA"",""A"",""2013"",7.454,"
"AUS,""CROPYIELD"",""MAIZE"",""TONNE_HA"",""A"",""2014"",8.304,"
"AUS,""CROPYIELD"",""MAIZE"",""TONNE_HA"",""A"",""2015"",7.508,"
"AUS,""CROPYIELD"",""MAIZE"",""TONNE_HA"",""A"",""2016"",6.436,"
"AUS,""CROPYIELD"",""MAIZE"",""TONNE_HA"",""A"",""2017"",7.342,"
"AUS,""CROPYIELD"",""MAIZE"",""TONNE_HA"",""A"",""2018"",7.16,"
"AUS,""CROPYIELD"",""MAIZE"",""TONNE_HA"",""A"",""2019"",6.755,"
"AUS,""CROPYIELD"",""MAIZE"",""TONNE_HA"",""A"",""2020"",7.085,"
"AUS,""CROPYIELD"",""MAIZE"",""TONNE_HA"",""A"",""2021"",7.127,"
"AUS,""CROPYIELD"",""MAIZE"",""TONNE_HA"",""A"",""2022"",7.165,"
"AUS,""CROPYIELD"",""MAIZE"",""TONNE_HA"",""A"",""2023"",7.203,"
"AUS,""CROPYIELD"",""MAIZE"",""TONNE_HA"",""A"",""2024"",7.243,"
"AUS,""CROPYIELD"",""MAIZE"",""TONNE_HA"",""A"",""2025"",7.28,"
"AUS,""CROPYIELD"",""MAIZE"",""TONNE_HA"",""A"",""2026"",7.318,"
"AUS,""CROPYIELD"",""MAIZE"",""TONNE_HA"",""A"",""2027"",7.357,"
"AUS,""CROPYIELD"",""MAIZE"",""TONNE_HA"",""A"",""2028"",7.395,"
"AUS,""CROPYIELD"",""MAIZE"",""TONNE_HA"",""A"",""2029"",7.434,"
"KAZ,""CROPYIELD"",""MAIZE"",""TONNE_HA"",""A"",""1990"",2,"
"KAZ,""CROPYIELD"",""MAIZE"",""TONNE_HA"",""A"",""1991"",3.044,"
"KAZ,""CROPYIELD"",""MAIZE"",""TONNE_HA"",""A"",""1992"",2.921,"
"KAZ,""CROPYIELD"",""MAIZE"",""TONNE_HA"",""A"",""1993"",3.034,"
"KAZ,""CROPYIELD"",""MAIZE"",""TONNE_HA"",""A"",""1994"",2.089,"
"KAZ,""CROPYIELD"",""MAIZE"",""TONNE_HA"",""A"",""1995"",1.581,"
"KAZ,""CROPYIELD"",""MAIZE"",""TONNE_HA"",""A"",""1996"",1.671,"
"KAZ,""CROPYIELD"",""MAIZE"",""TONNE_HA"",""A"",""1997"",1.82,"
"KAZ,""CROPYIELD"",""MAIZE"",""TONNE_HA"",""A"",""1998"",2.694,"
"KAZ,""CROPYIELD"",""MAIZE"",""TONNE_HA"",""A"",""1999"",3,"
"KAZ,""CROPYIELD"",""MAIZE"",""TONNE_HA"",""A"",""2000"",3.293,"
"KAZ,""CROPYIELD"",""MAIZE"",""TONNE_HA"",""A"",""2001"",3.765,"
"KAZ,""CROPYIELD"",""MAIZE"",""TONNE_HA"",""A"",""2002"",4.104,"
"KAZ,""CROPYIELD"",""MAIZE"",""TONNE_HA"",""A"",""2003"",4.459,"
"KAZ,""CROPYIELD"",""MAIZE"",""TONNE_HA"",""A"",""2004"",4.49,"
"KAZ,""CROPYIELD"",""MAIZE"",""TONNE_HA"",""A"",""2005"",4.235,"
"KAZ,""CROPYIELD"",""MAIZE"",""TONNE_HA"",""A"",""2006"",4.136,"
"KAZ,""CROPYIELD"",""MAIZE"",""TONNE_HA"",""A"",""2007"",4.579,"
"KAZ,""CROPYIELD"",""MAIZE"",""TONNE_HA"",""A"",""2008"",4.423,"
"KAZ,""CROPYIELD"",""MAIZE"",""TONNE_HA"",""A"",""2009"",4.76,"
"KAZ,""CROPYIELD"",""MAIZE"",""TONNE_HA"",""A"",""2010"",4.813,"
"KAZ,""CROPYIELD"",""MAIZE"",""TONNE_HA"",""A"",""2011"",4.969,"
"KAZ,""CROPYIELD"",""MAIZE"",""TONNE_HA"",""A"",""2012"",5.204,"
"KAZ,""CROPYIELD"",""MAIZE"",""TONNE_HA"",""A"",""2013"",5.271,"
"KAZ,""CROPYIELD"",""MAIZE"",""TONNE_HA"",""A"",""2014"",5.27,"
"KAZ,""CROPYIELD"",""MAIZE"",""TONNE_HA"",""A"",""2015"",5.32,"
"KAZ,""CROPYIELD"",""MAIZE"",""TONNE_HA"",""A"",""2016"",5.647,"
"KAZ,""CROPYIELD"",""MAIZE"",""TONNE_HA"",""A"",""2017"",5.728,"
"KAZ,""CROPYIELD"",""MAIZE"",""TONNE_HA"",""A"",""2018"",5.745,"
"KAZ,""CROPYIELD"",""MAIZE"",""TONNE_HA"",""A"",""2019"",5.547,"
"KAZ,""CROPYIELD"",""MAIZE"",""TONNE_HA"",""A"",""2020"",5.864,"
"KAZ,""CROPYIELD"",""MAIZE"",""TONNE_HA"",""A"",""2021"",5.902,"
"KAZ,""CROPYIELD"",""MAIZE"",""TONNE_HA"",""A"",""2022"",5.98,"
"KAZ,""CROPYIELD"",""MAIZE"",""TONNE_HA"",""A"",""2023"",6.06,"
"KAZ,""CROPYIELD"",""MAIZE"",""TONNE_HA"",""A"",""2024"",6.142,"
"KAZ,""CROPYIELD"",""MAIZE"",""TONNE_HA"",""A"",""2025"",6.226,"
"KAZ,""CROPYIELD"",""MAIZE"",""TONNE_HA"",""A"",""2026"",6.31,"
"KAZ,""CROPYIELD"",""MAIZE"",""TONNE_HA"",""A"",""2027"",6.395,"
"KAZ,""CROPYIELD"",""MAIZE"",""TONNE_HA"",""A"",""2028"",6.48,"
"KAZ,""CROPYIELD"",""MAIZE"",""TONNE_HA"",""A"",""2029"",6.566,"
"VNM,""CROPYIELD"",""MAIZE"",""TONNE_HA"",""A"",""1990"",1.553,"
"VNM,""CROPYIELD"",""MAIZE"",""TONNE_HA"",""A"",""1991"",1.5,"
"VNM,""CROPYIELD"",""MAIZE"",""TONNE_HA"",""A"",""1992"",1.565,"
"VNM,""CROPYIELD"",""MAIZE"",""TONNE_HA"",""A"",""1993"",1.775,"
"VNM,""CROPYIELD"",""MAIZE"",""TONNE_HA"",""A"",""1994"",2.138,"
"VNM,""CROPYIELD"",""MAIZE"",""TONNE_HA"",""A"",""1995"",2.113,"
"VNM,""CROPYIELD"",""MAIZE"",""TONNE_HA"",""A"",""1996"",2.499,"
"VNM,""CROPYIELD"",""MAIZE"",""TONNE_HA"",""A"",""1997"",2.49,"
"VNM,""CROPYIELD"",""MAIZE"",""TONNE_HA"",""A"",""1998"",2.48,"
"VNM,""CROPYIELD"",""MAIZE"",""TONNE_HA"",""A"",""1999"",2.552,"
"VNM,""CROPYIELD"",""MAIZE"",""TONNE_HA"",""A"",""2000"",2.748,"
"VNM,""CROPYIELD"",""MAIZE"",""TONNE_HA"",""A"",""2001"",2.974,"
"VNM,""CROPYIELD"",""MAIZE"",""TONNE_HA"",""A"",""2002"",3.081,"
"VNM,""CROPYIELD"",""MAIZE"",""TONNE_HA"",""A"",""2003"",3.446,"
"VNM,""CROPYIELD"",""MAIZE"",""TONNE_HA"",""A"",""2004"",3.462,"
"VNM,""CROPYIELD"",""MAIZE"",""TONNE_HA"",""A"",""2005"",3.598,"
"VNM,""CROPYIELD"",""MAIZE"",""TONNE_HA"",""A"",""2006"",3.731,"
"VNM,""CROPYIELD"",""MAIZE"",""TONNE_HA"",""A"",""2007"",3.944,"
"VNM,""CROPYIELD"",""MAIZE"",""TONNE_HA"",""A"",""2008"",3.175,"
"VNM,""CROPYIELD"",""MAIZE"",""TONNE_HA"",""A"",""2009"",4.014,"
"VNM,""CROPYIELD"",""MAIZE"",""TONNE_HA"",""A"",""2010"",4.09,"
"VNM,""CROPYIELD"",""MAIZE"",""TONNE_HA"",""A"",""2011"",4.313,"
"VNM,""CROPYIELD"",""MAIZE"",""TONNE_HA"",""A"",""2012"",4.302,"
"VNM,""CROPYIELD"",""MAIZE"",""TONNE_HA"",""A"",""2013"",4.435,"
"VNM,""CROPYIELD"",""MAIZE"",""TONNE_HA"",""A"",""2014"",4.414,"
"VNM,""CROPYIELD"",""MAIZE"",""TONNE_HA"",""A"",""2015"",4.539,"
"VNM,""CROPYIELD"",""MAIZE"",""TONNE_HA"",""A"",""2016"",4.555,"
"VNM,""CROPYIELD"",""MAIZE"",""TONNE_HA"",""A"",""2017"",4.352,"
"VNM,""CROPYIELD"",""MAIZE"",""TONNE_HA"",""A"",""2018"",4.551,"
"VNM,""CROPYIELD"",""MAIZE"",""TONNE_HA"",""A"",""2019"",4.331,"
"VNM,""CROPYIELD"",""MAIZE"",""TONNE_HA"",""A"",""2020"",4.543,"
"VNM,""CROPYIELD"",""MAIZE"",""TONNE_HA"",""A"",""2021"",4.567,"
"VNM,""CROPYIELD"",""MAIZE"",""TONNE_HA"",""A"",""2022"",4.59,"
"VNM,""CROPYIELD"",""MAIZE"",""TONNE_HA"",""A"",""2023"",4.613,"
"VNM,""CROPYIELD"",""MAIZE"",""TONNE_HA"",""A"",""2024"",4.637,"
"VNM,""CROPYIELD"",""MAIZE"",""TONNE_HA"",""A"",""2025"",4.66,"
"VNM,""CROPYIELD"",""MAIZE"",""TONNE_HA"",""A"",""2026"",4.683,"
"VNM,""CROPYIELD"",""MAIZE"",""TONNE_HA"",""A"",""2027"",4.707,"
"VNM,""CROPYIELD"",""MAIZE"",""TONNE_HA"",""A"",""2028"",4.73,"
"VNM,""CROPYIELD"",""MAIZE"",""TONNE_HA"",""A"",""2029"",4.754,"
"NGA,""CROPYIELD"",""MAIZE"",""TONNE_HA"",""A"",""1990"",1.13,"
"NGA,""CROPYIELD"",""MAIZE"",""TONNE_HA"",""A"",""1991"",1.13,"
"NGA,""CROPYIELD"",""MAIZE"",""TONNE_HA"",""A"",""1992"",1.118,"
"NGA,""CROPYIELD"",""MAIZE"",""TONNE_HA"",""A"",""1993"",1.185,"
"NGA,""CROPYIELD"",""MAIZE"",""TONNE_HA"",""A"",""1994"",1.272,"
"NGA,""CROPYIELD"",""MAIZE"",""TONNE_HA"",""A"",""1995"",1.267,"
"NGA,""CROPYIELD"",""MAIZE"",""TONNE_HA"",""A"",""1996"",1.326,"
"NGA,""CROPYIELD"",""MAIZE"",""TONNE_HA"",""A"",""1997"",1.251,"
"NGA,""CROPYIELD"",""MAIZE"",""TONNE_HA"",""A"",""1998"",1.32,"
"NGA,""CROPYIELD"",""MAIZE"",""TONNE_HA"",""A"",""1999"",1.381,"
"NGA,""CROPYIELD"",""MAIZE"",""TONNE_HA"",""A"",""2000"",1.027,"
"NGA,""CROPYIELD"",""MAIZE"",""TONNE_HA"",""A"",""2001"",1.137,"
"NGA,""CROPYIELD"",""MAIZE"",""TONNE_HA"",""A"",""2002"",1.089,"
"NGA,""CROPYIELD"",""MAIZE"",""TONNE_HA"",""A"",""2003"",1.21,"
"NGA,""CROPYIELD"",""MAIZE"",""TONNE_HA"",""A"",""2004"",1.302,"
"NGA,""CROPYIELD"",""MAIZE"",""TONNE_HA"",""A"",""2005"",1.368,"
"NGA,""CROPYIELD"",""MAIZE"",""TONNE_HA"",""A"",""2006"",1.647,"
"NGA,""CROPYIELD"",""MAIZE"",""TONNE_HA"",""A"",""2007"",1.556,"
"NGA,""CROPYIELD"",""MAIZE"",""TONNE_HA"",""A"",""2008"",1.744,"
"NGA,""CROPYIELD"",""MAIZE"",""TONNE_HA"",""A"",""2009"",1.705,"
"NGA,""CROPYIELD"",""MAIZE"",""TONNE_HA"",""A"",""2010"",1.779,"
"NGA,""CROPYIELD"",""MAIZE"",""TONNE_HA"",""A"",""2011"",2.058,"
"NGA,""CROPYIELD"",""MAIZE"",""TONNE_HA"",""A"",""2012"",2.015,"
"NGA,""CROPYIELD"",""MAIZE"",""TONNE_HA"",""A"",""2013"",2.406,"
"NGA,""CROPYIELD"",""MAIZE"",""TONNE_HA"",""A"",""2014"",2.526,"
"NGA,""CROPYIELD"",""MAIZE"",""TONNE_HA"",""A"",""2015"",2.211,"
"NGA,""CROPYIELD"",""MAIZE"",""TONNE_HA"",""A"",""2016"",2.224,"
"NGA,""CROPYIELD"",""MAIZE"",""TONNE_HA"",""A"",""2017"",2.569,"
"NGA,""CROPYIELD"",""MAIZE"",""TONNE_HA"",""A"",""2018"",2.557,"
"NGA,""CROPYIELD"",""MAIZE"",""TONNE_HA"",""A"",""2019"",2.549,"
"NGA,""CROPYIELD"",""MAIZE"",""TONNE_HA"",""A"",""2020"",2.631,"
"NGA,""CROPYIELD"",""MAIZE"",""TONNE_HA"",""A"",""2021"",2.666,"
"NGA,""CROPYIELD"",""MAIZE"",""TONNE_HA"",""A"",""2022"",2.702,"
"NGA,""CROPYIELD"",""MAIZE"",""TONNE_HA"",""A"",""2023"",2.739,"
"NGA,""CROPYIELD"",""MAIZE"",""TONNE_HA"",""A"",""2024"",2.777,"
"NGA,""CROPYIELD"",""MAIZE"",""TONNE_HA"",""A"",""2025"",2.814,"
"NGA,""CROPYIELD"",""MAIZE"",""TONNE_HA"",""A"",""2026"",2.851,"
"NGA,""CROPYIELD"",""MAIZE"",""TONNE_HA"",""A"",""2027"",2.889,"
"NGA,""CROPYIELD"",""MAIZE"",""TONNE_HA"",""A"",""2028"",2.927,"
"NGA,""CROPYIELD"",""MAIZE"",""TONNE_HA"",""A"",""2029"",2.965,"
"UKR,""CROPYIELD"",""MAIZE"",""TONNE_HA"",""A"",""1990"",2222223.7,"
"UKR,""CROPYIELD"",""MAIZE"",""TONNE_HA"",""A"",""1991"",3.263,"
"UKR,""CROPYIELD"",""MAIZE"",""TONNE_HA"",""A"",""1992"",2.508,"
"UKR,""CROPYIELD"",""MAIZE"",""TONNE_HA"",""A"",""1993"",2.818,"
"UKR,""CROPYIELD"",""MAIZE"",""TONNE_HA"",""A"",""1994"",2.304,"
"UKR,""CROPYIELD"",""MAIZE"",""TONNE_HA"",""A"",""1995"",3.101,"
"UKR,""CROPYIELD"",""MAIZE"",""TONNE_HA"",""A"",""1996"",2.787,"
"UKR,""CROPYIELD"",""MAIZE"",""TONNE_HA"",""A"",""1997"",3.284,"
"UKR,""CROPYIELD"",""MAIZE"",""TONNE_HA"",""A"",""1998"",2.534,"
"UKR,""CROPYIELD"",""MAIZE"",""TONNE_HA"",""A"",""1999"",2.528,"
"UKR,""CROPYIELD"",""MAIZE"",""TONNE_HA"",""A"",""2000"",2.971,"
"UKR,""CROPYIELD"",""MAIZE"",""TONNE_HA"",""A"",""2001"",3.208,"
"UKR,""CROPYIELD"",""MAIZE"",""TONNE_HA"",""A"",""2002"",3.516,"
"UKR,""CROPYIELD"",""MAIZE"",""TONNE_HA"",""A"",""2003"",3.413,"
"UKR,""CROPYIELD"",""MAIZE"",""TONNE_HA"",""A"",""2004"",5.28,"
"UKR,""CROPYIELD"",""MAIZE"",""TONNE_HA"",""A"",""2005"",4.318,"
"UKR,""CROPYIELD"",""MAIZE"",""TONNE_HA"",""A"",""2006"",3.738,"
"UKR,""CROPYIELD"",""MAIZE"",""TONNE_HA"",""A"",""2007"",3.8,"
"UKR,""CROPYIELD"",""MAIZE"",""TONNE_HA"",""A"",""2008"",4.672,"
"UKR,""CROPYIELD"",""MAIZE"",""TONNE_HA"",""A"",""2009"",4.788,"
"UKR,""CROPYIELD"",""MAIZE"",""TONNE_HA"",""A"",""2010"",4.412,"
"UKR,""CROPYIELD"",""MAIZE"",""TONNE_HA"",""A"",""2011"",6.62,"
"UKR,""CROPYIELD"",""MAIZE"",""TONNE_HA"",""A"",""2012"",5.051,"
"UKR,""CROPYIELD"",""MAIZE"",""TONNE_HA"",""A"",""2013"",6.412,"
"UKR,""CROPYIELD"",""MAIZE"",""TONNE_HA"",""A"",""2014"",6.159,"
"UKR,""CROPYIELD"",""MAIZE"",""TONNE_HA"",""A"",""2015"",5.712,"
"UKR,""CROPYIELD"",""MAIZE"",""TONNE_HA"",""A"",""2016"",6.603,"
"UKR,""CROPYIELD"",""MAIZE"",""TONNE_HA"",""A"",""2017"",5.57,"
"UKR,""CROPYIELD"",""MAIZE"",""TONNE_HA"",""A"",""2018"",7.844,"
"UKR,""CROPYIELD"",""MAIZE"",""TONNE_HA"",""A"",""2019"",6.836,"
"UKR,""CROPYIELD"",""MAIZE"",""TONNE_HA"",""A"",""2020"",6.846,"
"UKR,""CROPYIELD"",""MAIZE"",""TONNE_HA"",""A"",""2021"",6.943,"
"UKR,""CROPYIELD"",""MAIZE"",""TONNE_HA"",""A"",""2022"",7.046,"
"UKR,""CROPYIELD"",""MAIZE"",""TONNE_HA"",""A"",""2023"",7.15,"
"UKR,""CROPYIELD"",""MAIZE"",""TONNE_HA"",""A"",""2024"",7.256,"
"UKR,""CROPYIELD"",""MAIZE"",""TONNE_HA"",""A"",""2025"",7.363,"
"UKR,""CROPYIELD"",""MAIZE"",""TONNE_HA"",""A"",""2026"",7.472,"
"UKR,""CROPYIELD"",""MAIZE"",""TONNE_HA"",""A"",""2027"",7.582,"
"UKR,""CROPYIELD"",""MAIZE"",""TONNE_HA"",""A"",""2028"",7.693,"
"UKR,""CROPYIELD"",""MAIZE"",""TONNE_HA"",""A"",""2029"",7.806,"
"NZL,""CROPYIELD"",""MAIZE"",""TONNE_HA"",""A"",""1990"",9.629,"
"NZL,""CROPYIELD"",""MAIZE"",""TONNE_HA"",""A"",""1991"",9.12,"
"NZL,""CROPYIELD"",""MAIZE"",""TONNE_HA"",""A"",""1992"",8.356,"
"NZL,""CROPYIELD"",""MAIZE"",""TONNE_HA"",""A"",""1993"",9.736,"
"NZL,""CROPYIELD"",""MAIZE"",""TONNE_HA"",""A"",""1994"",9.742,"
"NZL,""CROPYIELD"",""MAIZE"",""TONNE_HA"",""A"",""1995"",11.299,"
"NZL,""CROPYIELD"",""MAIZE"",""TONNE_HA"",""A"",""1996"",9.939,"
"NZL,""CROPYIELD"",""MAIZE"",""TONNE_HA"",""A"",""1997"",10.063,"
"NZL,""CROPYIELD"",""MAIZE"",""TONNE_HA"",""A"",""1998"",10.142,"
"NZL,""CROPYIELD"",""MAIZE"",""TONNE_HA"",""A"",""1999"",10.24,"
"NZL,""CROPYIELD"",""MAIZE"",""TONNE_HA"",""A"",""2000"",10.4,"
"NZL,""CROPYIELD"",""MAIZE"",""TONNE_HA"",""A"",""2001"",10.504,"
"NZL,""CROPYIELD"",""MAIZE"",""TONNE_HA"",""A"",""2002"",11.573,"
"NZL,""CROPYIELD"",""MAIZE"",""TONNE_HA"",""A"",""2003"",11.55,"
"NZL,""CROPYIELD"",""MAIZE"",""TONNE_HA"",""A"",""2004"",10.931,"
"NZL,""CROPYIELD"",""MAIZE"",""TONNE_HA"",""A"",""2005"",10.954,"
"NZL,""CROPYIELD"",""MAIZE"",""TONNE_HA"",""A"",""2006"",10.9,"
"NZL,""CROPYIELD"",""MAIZE"",""TONNE_HA"",""A"",""2007"",11.233,"
"NZL,""CROPYIELD"",""MAIZE"",""TONNE_HA"",""A"",""2008"",11.033,"
"NZL,""CROPYIELD"",""MAIZE"",""TONNE_HA"",""A"",""2009"",10.76,"
"NZL,""CROPYIELD"",""MAIZE"",""TONNE_HA"",""A"",""2010"",11.384,"
"NZL,""CROPYIELD"",""MAIZE"",""TONNE_HA"",""A"",""2011"",10.865,"
"NZL,""CROPYIELD"",""MAIZE"",""TONNE_HA"",""A"",""2012"",10.821,"
"NZL,""CROPYIELD"",""MAIZE"",""TONNE_HA"",""A"",""2013"",10.632,"
"NZL,""CROPYIELD"",""MAIZE"",""TONNE_HA"",""A"",""2014"",10.773,"
"NZL,""CROPYIELD"",""MAIZE"",""TONNE_HA"",""A"",""2015"",11.3,"
"NZL,""CROPYIELD"",""MAIZE"",""TONNE_HA"",""A"",""2016"",11.667,"
"NZL,""CROPYIELD"",""MAIZE"",""TONNE_HA"",""A"",""2017"",10.058,"
"NZL,""CROPYIELD"",""MAIZE"",""TONNE_HA"",""A"",""2018"",11.098,"
"NZL,""CROPYIELD"",""MAIZE"",""TONNE_HA"",""A"",""2019"",10.886,"
"NZL,""CROPYIELD"",""MAIZE"",""TONNE_HA"",""A"",""2020"",11.1,"
"NZL,""CROPYIELD"",""MAIZE"",""TONNE_HA"",""A"",""2021"",11.107,"
"NZL,""CROPYIELD"",""MAIZE"",""TONNE_HA"",""A"",""2022"",11.105,"
"NZL,""CROPYIELD"",""MAIZE"",""TONNE_HA"",""A"",""2023"",11.106,"
"NZL,""CROPYIELD"",""MAIZE"",""TONNE_HA"",""A"",""2024"",11.11,"
"NZL,""CROPYIELD"",""MAIZE"",""TONNE_HA"",""A"",""2025"",11.109,"
"NZL,""CROPYIELD"",""MAIZE"",""TONNE_HA"",""A"",""2026"",11.111,"
"NZL,""CROPYIELD"",""MAIZE"",""TONNE_HA"",""A"",""2027"",11.113,"
"NZL,""CROPYIELD"",""MAIZE"",""TONNE_HA"",""A"",""2028"",11.113,"
"NZL,""CROPYIELD"",""MAIZE"",""TONNE_HA"",""A"",""2029"",11.114,"
"PHL,""CROPYIELD"",""MAIZE"",""TONNE_HA"",""A"",""1990"",1.271,"
"PHL,""CROPYIELD"",""MAIZE"",""TONNE_HA"",""A"",""1991"",1.297,"
"PHL,""CROPYIELD"",""MAIZE"",""TONNE_HA"",""A"",""1992"",1.327,"
"PHL,""CROPYIELD"",""MAIZE"",""TONNE_HA"",""A"",""1993"",1.524,"
"PHL,""CROPYIELD"",""MAIZE"",""TONNE_HA"",""A"",""1994"",1.534,"
"PHL,""CROPYIELD"",""MAIZE"",""TONNE_HA"",""A"",""1995"",1.521,"
"PHL,""CROPYIELD"",""MAIZE"",""TONNE_HA"",""A"",""1996"",1.592,"
"PHL,""CROPYIELD"",""MAIZE"",""TONNE_HA"",""A"",""1997"",1.589,"
"PHL,""CROPYIELD"",""MAIZE"",""TONNE_HA"",""A"",""1998"",1.624,"
"PHL,""CROPYIELD"",""MAIZE"",""TONNE_HA"",""A"",""1999"",1.735,"
"PHL,""CROPYIELD"",""MAIZE"",""TONNE_HA"",""A"",""2000"",1.797,"
"PHL,""CROPYIELD"",""MAIZE"",""TONNE_HA"",""A"",""2001"",1.82,"
"PHL,""CROPYIELD"",""MAIZE"",""TONNE_HA"",""A"",""2002"",1.801,"
"PHL,""CROPYIELD"",""MAIZE"",""TONNE_HA"",""A"",""2003"",1.915,"
"PHL,""CROPYIELD"",""MAIZE"",""TONNE_HA"",""A"",""2004"",2.142,"
"PHL,""CROPYIELD"",""MAIZE"",""TONNE_HA"",""A"",""2005"",2.146,"
"PHL,""CROPYIELD"",""MAIZE"",""TONNE_HA"",""A"",""2006"",2.366,"
"PHL,""CROPYIELD"",""MAIZE"",""TONNE_HA"",""A"",""2007"",2.544,"
"PHL,""CROPYIELD"",""MAIZE"",""TONNE_HA"",""A"",""2008"",2.604,"
"PHL,""CROPYIELD"",""MAIZE"",""TONNE_HA"",""A"",""2009"",2.621,"
"PHL,""CROPYIELD"",""MAIZE"",""TONNE_HA"",""A"",""2010"",2.552,"
"PHL,""CROPYIELD"",""MAIZE"",""TONNE_HA"",""A"",""2011"",2.74,"
"PHL,""CROPYIELD"",""MAIZE"",""TONNE_HA"",""A"",""2012"",2.856,"
"PHL,""CROPYIELD"",""MAIZE"",""TONNE_HA"",""A"",""2013"",2.878,"
"PHL,""CROPYIELD"",""MAIZE"",""TONNE_HA"",""A"",""2014"",2.976,"
"PHL,""CROPYIELD"",""MAIZE"",""TONNE_HA"",""A"",""2015"",2.935,"
"PHL,""CROPYIELD"",""MAIZE"",""TONNE_HA"",""A"",""2016"",2.906,"
"PHL,""CROPYIELD"",""MAIZE"",""TONNE_HA"",""A"",""2017"",3.101,"
"PHL,""CROPYIELD"",""MAIZE"",""TONNE_HA"",""A"",""2018"",3.095,"
"PHL,""CROPYIELD"",""MAIZE"",""TONNE_HA"",""A"",""2019"",3.08,"
"PHL,""CROPYIELD"",""MAIZE"",""TONNE_HA"",""A"",""2020"",3.19,"
"PHL,""CROPYIELD"",""MAIZE"",""TONNE_HA"",""A"",""2021"",3.238,"
"PHL,""CROPYIELD"",""MAIZE"",""TONNE_HA"",""A"",""2022"",3.287,"
"PHL,""CROPYIELD"",""MAIZE"",""TONNE_HA"",""A"",""2023"",3.335,"
"PHL,""CROPYIELD"",""MAIZE"",""TONNE_HA"",""A"",""2024"",3.385,"
"PHL,""CROPYIELD"",""MAIZE"",""TONNE_HA"",""A"",""2025"",3.435,"
"PHL,""CROPYIELD"",""MAIZE"",""TONNE_HA"",""A"",""2026"",3.485,"
"PHL,""CROPYIELD"",""MAIZE"",""TONNE_HA"",""A"",""2027"",3.536,"
"PHL,""CROPYIELD"",""MAIZE"",""TONNE_HA"",""A"",""2028"",3.588,"
"PHL,""CROPYIELD"",""MAIZE"",""TONNE_HA"",""A"",""2029"",3.64,"
"JPN,""CROPYIELD"",""MAIZE"",""TONNE_HA"",""A"",""1990"",2.546,"
"JPN,""CROPYIELD"",""MAIZE"",""TONNE_HA"",""A"",""1991"",2.363,"
"JPN,""CROPYIELD"",""MAIZE"",""TONNE_HA"",""A"",""1992"",2.518,"
"JPN,""CROPYIELD"",""MAIZE"",""TONNE_HA"",""A"",""1993"",2.5,"
"JPN,""CROPYIELD"",""MAIZE"",""TONNE_HA"",""A"",""1994"",2.485,"
"JPN,""CROPYIELD"",""MAIZE"",""TONNE_HA"",""A"",""1995"",2.5,"
"JPN,""CROPYIELD"",""MAIZE"",""TONNE_HA"",""A"",""1996"",2.451,"
"JPN,""CROPYIELD"",""MAIZE"",""TONNE_HA"",""A"",""1997"",2.477,"
"JPN,""CROPYIELD"",""MAIZE"",""TONNE_HA"",""A"",""1998"",2.447,"
"JPN,""CROPYIELD"",""MAIZE"",""TONNE_HA"",""A"",""1999"",2.4,"
"JPN,""CROPYIELD"",""MAIZE"",""TONNE_HA"",""A"",""2000"",2.575,"
"JPN,""CROPYIELD"",""MAIZE"",""TONNE_HA"",""A"",""2001"",2.5,"
"JPN,""CROPYIELD"",""MAIZE"",""TONNE_HA"",""A"",""2002"",2.462,"
"JPN,""CROPYIELD"",""MAIZE"",""TONNE_HA"",""A"",""2003"",2.219,"
"JPN,""CROPYIELD"",""MAIZE"",""TONNE_HA"",""A"",""2004"",2.5,"
"JPN,""CROPYIELD"",""MAIZE"",""TONNE_HA"",""A"",""2005"",2.516,"
"JPN,""CROPYIELD"",""MAIZE"",""TONNE_HA"",""A"",""2006"",2.194,"
"JPN,""CROPYIELD"",""MAIZE"",""TONNE_HA"",""A"",""2007"",1,"
"JPN,""CROPYIELD"",""MAIZE"",""TONNE_HA"",""A"",""2008"",1,"
"JPN,""CROPYIELD"",""MAIZE"",""TONNE_HA"",""A"",""2009"",1,"
"JPN,""CROPYIELD"",""MAIZE"",""TONNE_HA"",""A"",""2010"",1,"
"JPN,""CROPYIELD"",""MAIZE"",""TONNE_HA"",""A"",""2011"",1,"
"JPN,""CROPYIELD"",""MAIZE"",""TONNE_HA"",""A"",""2012"",1,"
"JPN,""CROPYIELD"",""MAIZE"",""TONNE_HA"",""A"",""2013"",1,"
"JPN,""CROPYIELD"",""MAIZE"",""TONNE_HA"",""A"",""2014"",1,"
"JPN,""CROPYIELD"",""MAIZE"",""TONNE_HA"",""A"",""2015"",1,"
"JPN,""CROPYIELD"",""MAIZE"",""TONNE_HA"",""A"",""2016"",1,"
"JPN,""CROPYIELD"",""MAIZE"",""TONNE_HA"",""A"",""2017"",1,"
"JPN,""CROPYIELD"",""MAIZE"",""TONNE_HA"",""A"",""2018"",1,"
"JPN,""CROPYIELD"",""MAIZE"",""TONNE_HA"",""A"",""2019"",1,"
"JPN,""CROPYIELD"",""MAIZE"",""TONNE_HA"",""A"",""2020"",1,"
"JPN,""CROPYIELD"",""MAIZE"",""TONNE_HA"",""A"",""2021"",1.001,"
"JPN,""CROPYIELD"",""MAIZE"",""TONNE_HA"",""A"",""2022"",1.001,"
"JPN,""CROPYIELD"",""MAIZE"",""TONNE_HA"",""A"",""2023"",1.001,"
"JPN,""CROPYIELD"",""MAIZE"",""TONNE_HA"",""A"",""2024"",1.001,"
"JPN,""CROPYIELD"",""MAIZE"",""TONNE_HA"",""A"",""2025"",1.001,"
"JPN,""CROPYIELD"",""MAIZE"",""TONNE_HA"",""A"",""2026"",1.001,"
"JPN,""CROPYIELD"",""MAIZE"",""TONNE_HA"",""A"",""2027"",1.001,"
"JPN,""CROPYIELD"",""MAIZE"",""TONNE_HA"",""A"",""2028"",1.001,"
"JPN,""CROPYIELD"",""MAIZE"",""TONNE_HA"",""A"",""2029"",1.001,"
"USA,""CROPYIELD"",""MAIZE"",""TONNE_HA"",""A"",""1990"",7.433,"
"USA,""CROPYIELD"",""MAIZE"",""TONNE_HA"",""A"",""1991"",6.82,"
"USA,""CROPYIELD"",""MAIZE"",""TONNE_HA"",""A"",""1992"",8.251,"
"USA,""CROPYIELD"",""MAIZE"",""TONNE_HA"",""A"",""1993"",6.323,"
"USA,""CROPYIELD"",""MAIZE"",""TONNE_HA"",""A"",""1994"",8.699,"
"USA,""CROPYIELD"",""MAIZE"",""TONNE_HA"",""A"",""1995"",7.121,"
"USA,""CROPYIELD"",""MAIZE"",""TONNE_HA"",""A"",""1996"",7.982,"
"USA,""CROPYIELD"",""MAIZE"",""TONNE_HA"",""A"",""1997"",7.949,"
"USA,""CROPYIELD"",""MAIZE"",""TONNE_HA"",""A"",""1998"",8.437,"
"USA,""CROPYIELD"",""MAIZE"",""TONNE_HA"",""A"",""1999"",8.397,"
"USA,""CROPYIELD"",""MAIZE"",""TONNE_HA"",""A"",""2000"",8.592,"
"USA,""CROPYIELD"",""MAIZE"",""TONNE_HA"",""A"",""2001"",8.669,"
"USA,""CROPYIELD"",""MAIZE"",""TONNE_HA"",""A"",""2002"",8.159,"
"USA,""CROPYIELD"",""MAIZE"",""TONNE_HA"",""A"",""2003"",8.067,"
"USA,""CROPYIELD"",""MAIZE"",""TONNE_HA"",""A"",""2004"",10.07,"
"USA,""CROPYIELD"",""MAIZE"",""TONNE_HA"",""A"",""2005"",9.288,"
"USA,""CROPYIELD"",""MAIZE"",""TONNE_HA"",""A"",""2006"",9.367,"
"USA,""CROPYIELD"",""MAIZE"",""TONNE_HA"",""A"",""2007"",9.487,"
"USA,""CROPYIELD"",""MAIZE"",""TONNE_HA"",""A"",""2008"",9.664,"
"USA,""CROPYIELD"",""MAIZE"",""TONNE_HA"",""A"",""2009"",10.337,"
"USA,""CROPYIELD"",""MAIZE"",""TONNE_HA"",""A"",""2010"",9.598,"
"USA,""CROPYIELD"",""MAIZE"",""TONNE_HA"",""A"",""2011"",9.236,"
"USA,""CROPYIELD"",""MAIZE"",""TONNE_HA"",""A"",""2012"",7.724,"
"USA,""CROPYIELD"",""MAIZE"",""TONNE_HA"",""A"",""2013"",9.921,"
"USA,""CROPYIELD"",""MAIZE"",""TONNE_HA"",""A"",""2014"",10.738,"
"USA,""CROPYIELD"",""MAIZE"",""TONNE_HA"",""A"",""2015"",10.58,"
"USA,""CROPYIELD"",""MAIZE"",""TONNE_HA"",""A"",""2016"",10.967,"
"USA,""CROPYIELD"",""MAIZE"",""TONNE_HA"",""A"",""2017"",11.085,"
"USA,""CROPYIELD"",""MAIZE"",""TONNE_HA"",""A"",""2018"",11.072,"
"USA,""CROPYIELD"",""MAIZE"",""TONNE_HA"",""A"",""2019"",10.545,"
"USA,""CROPYIELD"",""MAIZE"",""TONNE_HA"",""A"",""2020"",10.9,"
"USA,""CROPYIELD"",""MAIZE"",""TONNE_HA"",""A"",""2021"",10.993,"
"USA,""CROPYIELD"",""MAIZE"",""TONNE_HA"",""A"",""2022"",11.083,"
"USA,""CROPYIELD"",""MAIZE"",""TONNE_HA"",""A"",""2023"",11.174,"
"USA,""CROPYIELD"",""MAIZE"",""TONNE_HA"",""A"",""2024"",11.265,"
"USA,""CROPYIELD"",""MAIZE"",""TONNE_HA"",""A"",""2025"",11.355,"
"USA,""CROPYIELD"",""MAIZE"",""TONNE_HA"",""A"",""2026"",11.445,"
"USA,""CROPYIELD"",""MAIZE"",""TONNE_HA"",""A"",""2027"",11.536,"
"USA,""CROPYIELD"",""MAIZE"",""TONNE_HA"",""A"",""2028"",11.626,"
"USA,""CROPYIELD"",""MAIZE"",""TONNE_HA"",""A"",""2029"",11.716,"
"EGY,""CROPYIELD"",""MAIZE"",""TONNE_HA"",""A"",""1990"",5.782,"
"EGY,""CROPYIELD"",""MAIZE"",""TONNE_HA"",""A"",""1991"",5.894,"
"EGY,""CROPYIELD"",""MAIZE"",""TONNE_HA"",""A"",""1992"",6.137,"
"EGY,""CROPYIELD"",""MAIZE"",""TONNE_HA"",""A"",""1993"",6.078,"
"EGY,""CROPYIELD"",""MAIZE"",""TONNE_HA"",""A"",""1994"",5.91,"
"EGY,""CROPYIELD"",""MAIZE"",""TONNE_HA"",""A"",""1995"",6.162,"
"EGY,""CROPYIELD"",""MAIZE"",""TONNE_HA"",""A"",""1996"",6.952,"
"EGY,""CROPYIELD"",""MAIZE"",""TONNE_HA"",""A"",""1997"",7.133,"
"EGY,""CROPYIELD"",""MAIZE"",""TONNE_HA"",""A"",""1998"",7.226,"
"EGY,""CROPYIELD"",""MAIZE"",""TONNE_HA"",""A"",""1999"",7.519,"
"EGY,""CROPYIELD"",""MAIZE"",""TONNE_HA"",""A"",""2000"",7.857,"
"EGY,""CROPYIELD"",""MAIZE"",""TONNE_HA"",""A"",""2001"",7.837,"
"EGY,""CROPYIELD"",""MAIZE"",""TONNE_HA"",""A"",""2002"",7.678,"
"EGY,""CROPYIELD"",""MAIZE"",""TONNE_HA"",""A"",""2003"",7.83,"
"EGY,""CROPYIELD"",""MAIZE"",""TONNE_HA"",""A"",""2004"",7.904,"
"EGY,""CROPYIELD"",""MAIZE"",""TONNE_HA"",""A"",""2005"",8.12,"
"EGY,""CROPYIELD"",""MAIZE"",""TONNE_HA"",""A"",""2006"",8.365,"
"EGY,""CROPYIELD"",""MAIZE"",""TONNE_HA"",""A"",""2007"",8.045,"
"EGY,""CROPYIELD"",""MAIZE"",""TONNE_HA"",""A"",""2008"",7.907,"
"EGY,""CROPYIELD"",""MAIZE"",""TONNE_HA"",""A"",""2009"",7.819,"
"EGY,""CROPYIELD"",""MAIZE"",""TONNE_HA"",""A"",""2010"",7.266,"
"EGY,""CROPYIELD"",""MAIZE"",""TONNE_HA"",""A"",""2011"",7.743,"
"EGY,""CROPYIELD"",""MAIZE"",""TONNE_HA"",""A"",""2012"",7.775,"
"EGY,""CROPYIELD"",""MAIZE"",""TONNE_HA"",""A"",""2013"",7.725,"
"EGY,""CROPYIELD"",""MAIZE"",""TONNE_HA"",""A"",""2014"",7.758,"
"EGY,""CROPYIELD"",""MAIZE"",""TONNE_HA"",""A"",""2015"",7.354,"
"EGY,""CROPYIELD"",""MAIZE"",""TONNE_HA"",""A"",""2016"",7.607,"
"EGY,""CROPYIELD"",""MAIZE"",""TONNE_HA"",""A"",""2017"",6.455,"
"EGY,""CROPYIELD"",""MAIZE"",""TONNE_HA"",""A"",""2018"",6.753,"
"EGY,""CROPYIELD"",""MAIZE"",""TONNE_HA"",""A"",""2019"",6.847,"
"EGY,""CROPYIELD"",""MAIZE"",""TONNE_HA"",""A"",""2020"",6.882,"
"EGY,""CROPYIELD"",""MAIZE"",""TONNE_HA"",""A"",""2021"",6.918,"
"EGY,""CROPYIELD"",""MAIZE"",""TONNE_HA"",""A"",""2022"",6.953,"
"EGY,""CROPYIELD"",""MAIZE"",""TONNE_HA"",""A"",""2023"",6.988,"
"EGY,""CROPYIELD"",""MAIZE"",""TONNE_HA"",""A"",""2024"",7.024,"
"EGY,""CROPYIELD"",""MAIZE"",""TONNE_HA"",""A"",""2025"",7.059,"
"EGY,""CROPYIELD"",""MAIZE"",""TONNE_HA"",""A"",""2026"",7.094,"
"EGY,""CROPYIELD"",""MAIZE"",""TONNE_HA"",""A"",""2027"",7.13,"
"EGY,""CROPYIELD"",""MAIZE"",""TONNE_HA"",""A"",""2028"",7.166,"
"EGY,""CROPYIELD"",""MAIZE"",""TONNE_HA"",""A"",""2029"",7.202,"
"COL,""CROPYIELD"",""MAIZE"",""TONNE_HA"",""A"",""1990"",1.449,"
"COL,""CROPYIELD"",""MAIZE"",""TONNE_HA"",""A"",""1991"",1.55,"
"COL,""CROPYIELD"",""MAIZE"",""TONNE_HA"",""A"",""1992"",1.517,"
"COL,""CROPYIELD"",""MAIZE"",""TONNE_HA"",""A"",""1993"",1.546,"
"COL,""CROPYIELD"",""MAIZE"",""TONNE_HA"",""A"",""1994"",1.567,"
"COL,""CROPYIELD"",""MAIZE"",""TONNE_HA"",""A"",""1995"",1.555,"
"COL,""CROPYIELD"",""MAIZE"",""TONNE_HA"",""A"",""1996"",1.631,"
"COL,""CROPYIELD"",""MAIZE"",""TONNE_HA"",""A"",""1997"",1.707,"
"COL,""CROPYIELD"",""MAIZE"",""TONNE_HA"",""A"",""1998"",1.659,"
"COL,""CROPYIELD"",""MAIZE"",""TONNE_HA"",""A"",""1999"",1.775,"
"COL,""CROPYIELD"",""MAIZE"",""TONNE_HA"",""A"",""2000"",2.105,"
"COL,""CROPYIELD"",""MAIZE"",""TONNE_HA"",""A"",""2001"",2.077,"
"COL,""CROPYIELD"",""MAIZE"",""TONNE_HA"",""A"",""2002"",2.054,"
"COL,""CROPYIELD"",""MAIZE"",""TONNE_HA"",""A"",""2003"",2.575,"
"COL,""CROPYIELD"",""MAIZE"",""TONNE_HA"",""A"",""2004"",2.946,"
"COL,""CROPYIELD"",""MAIZE"",""TONNE_HA"",""A"",""2005"",2.898,"
"COL,""CROPYIELD"",""MAIZE"",""TONNE_HA"",""A"",""2006"",2.967,"
"COL,""CROPYIELD"",""MAIZE"",""TONNE_HA"",""A"",""2007"",3.092,"
"COL,""CROPYIELD"",""MAIZE"",""TONNE_HA"",""A"",""2008"",3.08,"
"COL,""CROPYIELD"",""MAIZE"",""TONNE_HA"",""A"",""2009"",2.908,"
"COL,""CROPYIELD"",""MAIZE"",""TONNE_HA"",""A"",""2010"",2.623,"
"COL,""CROPYIELD"",""MAIZE"",""TONNE_HA"",""A"",""2011"",3.75,"
"COL,""CROPYIELD"",""MAIZE"",""TONNE_HA"",""A"",""2012"",3.53,"
"COL,""CROPYIELD"",""MAIZE"",""TONNE_HA"",""A"",""2013"",3.282,"
"COL,""CROPYIELD"",""MAIZE"",""TONNE_HA"",""A"",""2014"",3.764,"
"COL,""CROPYIELD"",""MAIZE"",""TONNE_HA"",""A"",""2015"",3.194,"
"COL,""CROPYIELD"",""MAIZE"",""TONNE_HA"",""A"",""2016"",3.644,"
"COL,""CROPYIELD"",""MAIZE"",""TONNE_HA"",""A"",""2017"",2.871,"
"COL,""CROPYIELD"",""MAIZE"",""TONNE_HA"",""A"",""2018"",3.137,"
"COL,""CROPYIELD"",""MAIZE"",""TONNE_HA"",""A"",""2019"",3.026,"
"COL,""CROPYIELD"",""MAIZE"",""TONNE_HA"",""A"",""2020"",3.105,"
"COL,""CROPYIELD"",""MAIZE"",""TONNE_HA"",""A"",""2021"",3.152,"
"COL,""CROPYIELD"",""MAIZE"",""TONNE_HA"",""A"",""2022"",3.2,"
"COL,""CROPYIELD"",""MAIZE"",""TONNE_HA"",""A"",""2023"",3.249,"
"COL,""CROPYIELD"",""MAIZE"",""TONNE_HA"",""A"",""2024"",3.298,"
"COL,""CROPYIELD"",""MAIZE"",""TONNE_HA"",""A"",""2025"",3.348,"
"COL,""CROPYIELD"",""MAIZE"",""TONNE_HA"",""A"",""2026"",3.399,"
"COL,""CROPYIELD"",""MAIZE"",""TONNE_HA"",""A"",""2027"",3.451,"
"COL,""CROPYIELD"",""MAIZE"",""TONNE_HA"",""A"",""2028"",3.503,"
"COL,""CROPYIELD"",""MAIZE"",""TONNE_HA"",""A"",""2029"",3.556,"
"KOR,""CROPYIELD"",""MAIZE"",""TONNE_HA"",""A"",""1990"",4.613,"
"KOR,""CROPYIELD"",""MAIZE"",""TONNE_HA"",""A"",""1991"",3.411,"
"KOR,""CROPYIELD"",""MAIZE"",""TONNE_HA"",""A"",""1992"",4.404,"
"KOR,""CROPYIELD"",""MAIZE"",""TONNE_HA"",""A"",""1993"",4.184,"
"KOR,""CROPYIELD"",""MAIZE"",""TONNE_HA"",""A"",""1994"",4.088,"
"KOR,""CROPYIELD"",""MAIZE"",""TONNE_HA"",""A"",""1995"",4.245,"
"KOR,""CROPYIELD"",""MAIZE"",""TONNE_HA"",""A"",""1996"",4.03,"
"KOR,""CROPYIELD"",""MAIZE"",""TONNE_HA"",""A"",""1997"",4.113,"
"KOR,""CROPYIELD"",""MAIZE"",""TONNE_HA"",""A"",""1998"",3.982,"
"KOR,""CROPYIELD"",""MAIZE"",""TONNE_HA"",""A"",""1999"",3.94,"
"KOR,""CROPYIELD"",""MAIZE"",""TONNE_HA"",""A"",""2000"",4.062,"
"KOR,""CROPYIELD"",""MAIZE"",""TONNE_HA"",""A"",""2001"",4.027,"
"KOR,""CROPYIELD"",""MAIZE"",""TONNE_HA"",""A"",""2002"",4.222,"
"KOR,""CROPYIELD"",""MAIZE"",""TONNE_HA"",""A"",""2003"",4.14,"
"KOR,""CROPYIELD"",""MAIZE"",""TONNE_HA"",""A"",""2004"",4.26,"
"KOR,""CROPYIELD"",""MAIZE"",""TONNE_HA"",""A"",""2005"",4.841,"
"KOR,""CROPYIELD"",""MAIZE"",""TONNE_HA"",""A"",""2006"",4.731,"
"KOR,""CROPYIELD"",""MAIZE"",""TONNE_HA"",""A"",""2007"",4.918,"
"KOR,""CROPYIELD"",""MAIZE"",""TONNE_HA"",""A"",""2008"",5.054,"
"KOR,""CROPYIELD"",""MAIZE"",""TONNE_HA"",""A"",""2009"",5.023,"
"KOR,""CROPYIELD"",""MAIZE"",""TONNE_HA"",""A"",""2010"",4.787,"
"KOR,""CROPYIELD"",""MAIZE"",""TONNE_HA"",""A"",""2011"",4.652,"
"KOR,""CROPYIELD"",""MAIZE"",""TONNE_HA"",""A"",""2012"",4.894,"
"KOR,""CROPYIELD"",""MAIZE"",""TONNE_HA"",""A"",""2013"",5.059,"
"KOR,""CROPYIELD"",""MAIZE"",""TONNE_HA"",""A"",""2014"",5.178,"
"KOR,""CROPYIELD"",""MAIZE"",""TONNE_HA"",""A"",""2015"",5.095,"
"KOR,""CROPYIELD"",""MAIZE"",""TONNE_HA"",""A"",""2016"",4.853,"
"KOR,""CROPYIELD"",""MAIZE"",""TONNE_HA"",""A"",""2017"",4.815,"
"KOR,""CROPYIELD"",""MAIZE"",""TONNE_HA"",""A"",""2018"",4.827,"
"KOR,""CROPYIELD"",""MAIZE"",""TONNE_HA"",""A"",""2019"",4.839,"
"KOR,""CROPYIELD"",""MAIZE"",""TONNE_HA"",""A"",""2020"",4.851,"
"KOR,""CROPYIELD"",""MAIZE"",""TONNE_HA"",""A"",""2021"",4.862,"
"KOR,""CROPYIELD"",""MAIZE"",""TONNE_HA"",""A"",""2022"",4.874,"
"KOR,""CROPYIELD"",""MAIZE"",""TONNE_HA"",""A"",""2023"",4.886,"
"KOR,""CROPYIELD"",""MAIZE"",""TONNE_HA"",""A"",""2024"",4.898,"
"KOR,""CROPYIELD"",""MAIZE"",""TONNE_HA"",""A"",""2025"",4.909,"
"KOR,""CROPYIELD"",""MAIZE"",""TONNE_HA"",""A"",""2026"",4.921,"
"KOR,""CROPYIELD"",""MAIZE"",""TONNE_HA"",""A"",""2027"",4.933,"
"KOR,""CROPYIELD"",""MAIZE"",""TONNE_HA"",""A"",""2028"",4.944,"
"KOR,""CROPYIELD"",""MAIZE"",""TONNE_HA"",""A"",""2029"",4.956,"
"ARG,""CROPYIELD"",""MAIZE"",""TONNE_HA"",""A"",""1990"",4.045,"
"ARG,""CROPYIELD"",""MAIZE"",""TONNE_HA"",""A"",""1991"",4.525,"
"ARG,""CROPYIELD"",""MAIZE"",""TONNE_HA"",""A"",""1992"",4.355,"
"ARG,""CROPYIELD"",""MAIZE"",""TONNE_HA"",""A"",""1993"",4.237,"
"ARG,""CROPYIELD"",""MAIZE"",""TONNE_HA"",""A"",""1994"",4.522,"
"ARG,""CROPYIELD"",""MAIZE"",""TONNE_HA"",""A"",""1995"",4.039,"
"ARG,""CROPYIELD"",""MAIZE"",""TONNE_HA"",""A"",""1996"",4.556,"
"ARG,""CROPYIELD"",""MAIZE"",""TONNE_HA"",""A"",""1997"",6.079,"
"ARG,""CROPYIELD"",""MAIZE"",""TONNE_HA"",""A"",""1998"",5.369,"
"ARG,""CROPYIELD"",""MAIZE"",""TONNE_HA"",""A"",""1999"",5.417,"
"ARG,""CROPYIELD"",""MAIZE"",""TONNE_HA"",""A"",""2000"",5.456,"
"ARG,""CROPYIELD"",""MAIZE"",""TONNE_HA"",""A"",""2001"",6.079,"
"ARG,""CROPYIELD"",""MAIZE"",""TONNE_HA"",""A"",""2002"",6.477,"
"ARG,""CROPYIELD"",""MAIZE"",""TONNE_HA"",""A"",""2003"",6.392,"
"ARG,""CROPYIELD"",""MAIZE"",""TONNE_HA"",""A"",""2004"",7.36,"
"ARG,""CROPYIELD"",""MAIZE"",""TONNE_HA"",""A"",""2005"",5.904,"
"ARG,""CROPYIELD"",""MAIZE"",""TONNE_HA"",""A"",""2006"",7.666,"
"ARG,""CROPYIELD"",""MAIZE"",""TONNE_HA"",""A"",""2007"",6.453,"
"ARG,""CROPYIELD"",""MAIZE"",""TONNE_HA"",""A"",""2008"",5.576,"
"ARG,""CROPYIELD"",""MAIZE"",""TONNE_HA"",""A"",""2009"",7.812,"
"ARG,""CROPYIELD"",""MAIZE"",""TONNE_HA"",""A"",""2010"",6.352,"
"ARG,""CROPYIELD"",""MAIZE"",""TONNE_HA"",""A"",""2011"",5.735,"
"ARG,""CROPYIELD"",""MAIZE"",""TONNE_HA"",""A"",""2012"",6.601,"
"ARG,""CROPYIELD"",""MAIZE"",""TONNE_HA"",""A"",""2013"",6.824,"
"ARG,""CROPYIELD"",""MAIZE"",""TONNE_HA"",""A"",""2014"",7.307,"
"ARG,""CROPYIELD"",""MAIZE"",""TONNE_HA"",""A"",""2015"",7.445,"
"ARG,""CROPYIELD"",""MAIZE"",""TONNE_HA"",""A"",""2016"",7.573,"
"ARG,""CROPYIELD"",""MAIZE"",""TONNE_HA"",""A"",""2017"",6.089,"
"ARG,""CROPYIELD"",""MAIZE"",""TONNE_HA"",""A"",""2018"",7.882,"
"ARG,""CROPYIELD"",""MAIZE"",""TONNE_HA"",""A"",""2019"",7.54,"
"ARG,""CROPYIELD"",""MAIZE"",""TONNE_HA"",""A"",""2020"",7.615,"
"ARG,""CROPYIELD"",""MAIZE"",""TONNE_HA"",""A"",""2021"",7.698,"
"ARG,""CROPYIELD"",""MAIZE"",""TONNE_HA"",""A"",""2022"",7.774,"
"ARG,""CROPYIELD"",""MAIZE"",""TONNE_HA"",""A"",""2023"",7.847,"
"ARG,""CROPYIELD"",""MAIZE"",""TONNE_HA"",""A"",""2024"",7.921,"
"ARG,""CROPYIELD"",""MAIZE"",""TONNE_HA"",""A"",""2025"",7.989,"
"ARG,""CROPYIELD"",""MAIZE"",""TONNE_HA"",""A"",""2026"",8.056,"
"ARG,""CROPYIELD"",""MAIZE"",""TONNE_HA"",""A"",""2027"",8.122,"
"ARG,""CROPYIELD"",""MAIZE"",""TONNE_HA"",""A"",""2028"",8.184,"
"ARG,""CROPYIELD"",""MAIZE"",""TONNE_HA"",""A"",""2029"",8.245,"
"TUR,""CROPYIELD"",""MAIZE"",""TONNE_HA"",""A"",""1990"",4.078,"
"TUR,""CROPYIELD"",""MAIZE"",""TONNE_HA"",""A"",""1991"",4.25,"
"TUR,""CROPYIELD"",""MAIZE"",""TONNE_HA"",""A"",""1992"",4.246,"
"TUR,""CROPYIELD"",""MAIZE"",""TONNE_HA"",""A"",""1993"",4.546,"
"TUR,""CROPYIELD"",""MAIZE"",""TONNE_HA"",""A"",""1994"",3.814,"
"TUR,""CROPYIELD"",""MAIZE"",""TONNE_HA"",""A"",""1995"",3.689,"
"TUR,""CROPYIELD"",""MAIZE"",""TONNE_HA"",""A"",""1996"",3.636,"
"TUR,""CROPYIELD"",""MAIZE"",""TONNE_HA"",""A"",""1997"",3.817,"
"TUR,""CROPYIELD"",""MAIZE"",""TONNE_HA"",""A"",""1998"",4.182,"
"TUR,""CROPYIELD"",""MAIZE"",""TONNE_HA"",""A"",""1999"",4.434,"
"TUR,""CROPYIELD"",""MAIZE"",""TONNE_HA"",""A"",""2000"",4.144,"
"TUR,""CROPYIELD"",""MAIZE"",""TONNE_HA"",""A"",""2001"",4,"
"TUR,""CROPYIELD"",""MAIZE"",""TONNE_HA"",""A"",""2002"",4.2,"
"TUR,""CROPYIELD"",""MAIZE"",""TONNE_HA"",""A"",""2003"",5,"
"TUR,""CROPYIELD"",""MAIZE"",""TONNE_HA"",""A"",""2004"",5.505,"
"TUR,""CROPYIELD"",""MAIZE"",""TONNE_HA"",""A"",""2005"",7,"
"TUR,""CROPYIELD"",""MAIZE"",""TONNE_HA"",""A"",""2006"",7.11,"
"TUR,""CROPYIELD"",""MAIZE"",""TONNE_HA"",""A"",""2007"",6.824,"
"TUR,""CROPYIELD"",""MAIZE"",""TONNE_HA"",""A"",""2008"",7.183,"
"TUR,""CROPYIELD"",""MAIZE"",""TONNE_HA"",""A"",""2009"",7.179,"
"TUR,""CROPYIELD"",""MAIZE"",""TONNE_HA"",""A"",""2010"",7.256,"
"TUR,""CROPYIELD"",""MAIZE"",""TONNE_HA"",""A"",""2011"",7.131,"
"TUR,""CROPYIELD"",""MAIZE"",""TONNE_HA"",""A"",""2012"",7.384,"
"TUR,""CROPYIELD"",""MAIZE"",""TONNE_HA"",""A"",""2013"",8.939,"
"TUR,""CROPYIELD"",""MAIZE"",""TONNE_HA"",""A"",""2014"",9.029,"
"TUR,""CROPYIELD"",""MAIZE"",""TONNE_HA"",""A"",""2015"",9.302,"
"TUR,""CROPYIELD"",""MAIZE"",""TONNE_HA"",""A"",""2016"",9.412,"
"TUR,""CROPYIELD"",""MAIZE"",""TONNE_HA"",""A"",""2017"",8.912,"
"TUR,""CROPYIELD"",""MAIZE"",""TONNE_HA"",""A"",""2018"",8.42,"
"TUR,""CROPYIELD"",""MAIZE"",""TONNE_HA"",""A"",""2019"",8.915,"
"TUR,""CROPYIELD"",""MAIZE"",""TONNE_HA"",""A"",""2020"",9.096,"
"TUR,""CROPYIELD"",""MAIZE"",""TONNE_HA"",""A"",""2021"",9.218,"
"TUR,""CROPYIELD"",""MAIZE"",""TONNE_HA"",""A"",""2022"",9.338,"
"TUR,""CROPYIELD"",""MAIZE"",""TONNE_HA"",""A"",""2023"",9.467,"
"TUR,""CROPYIELD"",""MAIZE"",""TONNE_HA"",""A"",""2024"",9.611,"
"TUR,""CROPYIELD"",""MAIZE"",""TONNE_HA"",""A"",""2025"",9.755,"
"TUR,""CROPYIELD"",""MAIZE"",""TONNE_HA"",""A"",""2026"",9.902,"
"TUR,""CROPYIELD"",""MAIZE"",""TONNE_HA"",""A"",""2027"",10.051,"
"TUR,""CROPYIELD"",""MAIZE"",""TONNE_HA"",""A"",""2028"",10.201,"
"TUR,""CROPYIELD"",""MAIZE"",""TONNE_HA"",""A"",""2029"",10.354,"
"OECD,""CROPYIELD"",""MAIZE"",""TONNE_HA"",""A"",""1990"",6.015,"
"OECD,""CROPYIELD"",""MAIZE"",""TONNE_HA"",""A"",""1991"",5.875,"
"OECD,""CROPYIELD"",""MAIZE"",""TONNE_HA"",""A"",""1992"",6.505,"
"OECD,""CROPYIELD"",""MAIZE"",""TONNE_HA"",""A"",""1993"",5.336,"
"OECD,""CROPYIELD"",""MAIZE"",""TONNE_HA"",""A"",""1994"",6.798,"
"OECD,""CROPYIELD"",""MAIZE"",""TONNE_HA"",""A"",""1995"",5.844,"
"OECD,""CROPYIELD"",""MAIZE"",""TONNE_HA"",""A"",""1996"",6.475,"
"OECD,""CROPYIELD"",""MAIZE"",""TONNE_HA"",""A"",""1997"",6.726,"
"OECD,""CROPYIELD"",""MAIZE"",""TONNE_HA"",""A"",""1998"",6.847,"
"OECD,""CROPYIELD"",""MAIZE"",""TONNE_HA"",""A"",""1999"",6.999,"
"OECD,""CROPYIELD"",""MAIZE"",""TONNE_HA"",""A"",""2000"",6.869,"
"OECD,""CROPYIELD"",""MAIZE"",""TONNE_HA"",""A"",""2001"",7.014,"
"OECD,""CROPYIELD"",""MAIZE"",""TONNE_HA"",""A"",""2002"",6.838,"
"OECD,""CROPYIELD"",""MAIZE"",""TONNE_HA"",""A"",""2003"",6.661,"
"OECD,""CROPYIELD"",""MAIZE"",""TONNE_HA"",""A"",""2004"",8.158,"
"OECD,""CROPYIELD"",""MAIZE"",""TONNE_HA"",""A"",""2005"",7.87,"
"OECD,""CROPYIELD"",""MAIZE"",""TONNE_HA"",""A"",""2006"",7.715,"
"OECD,""CROPYIELD"",""MAIZE"",""TONNE_HA"",""A"",""2007"",7.923,"
"OECD,""CROPYIELD"",""MAIZE"",""TONNE_HA"",""A"",""2008"",8.181,"
"OECD,""CROPYIELD"",""MAIZE"",""TONNE_HA"",""A"",""2009"",8.685,"
"OECD,""CROPYIELD"",""MAIZE"",""TONNE_HA"",""A"",""2010"",8.221,"
"OECD,""CROPYIELD"",""MAIZE"",""TONNE_HA"",""A"",""2011"",8.128,"
"OECD,""CROPYIELD"",""MAIZE"",""TONNE_HA"",""A"",""2012"",6.857,"
"OECD,""CROPYIELD"",""MAIZE"",""TONNE_HA"",""A"",""2013"",8.425,"
"OECD,""CROPYIELD"",""MAIZE"",""TONNE_HA"",""A"",""2014"",9.151,"
"OECD,""CROPYIELD"",""MAIZE"",""TONNE_HA"",""A"",""2015"",8.763,"
"OECD,""CROPYIELD"",""MAIZE"",""TONNE_HA"",""A"",""2016"",9.27,"
"OECD,""CROPYIELD"",""MAIZE"",""TONNE_HA"",""A"",""2017"",9.408,"
"OECD,""CROPYIELD"",""MAIZE"",""TONNE_HA"",""A"",""2018"",9.475,"
"OECD,""CROPYIELD"",""MAIZE"",""TONNE_HA"",""A"",""2019"",8.919,"
"OECD,""CROPYIELD"",""MAIZE"",""TONNE_HA"",""A"",""2020"",9.234,"
"OECD,""CROPYIELD"",""MAIZE"",""TONNE_HA"",""A"",""2021"",9.3,"
"OECD,""CROPYIELD"",""MAIZE"",""TONNE_HA"",""A"",""2022"",9.362,"
"OECD,""CROPYIELD"",""MAIZE"",""TONNE_HA"",""A"",""2023"",9.425,"
"OECD,""CROPYIELD"",""MAIZE"",""TONNE_HA"",""A"",""2024"",9.49,"
"OECD,""CROPYIELD"",""MAIZE"",""TONNE_HA"",""A"",""2025"",9.552,"
"OECD,""CROPYIELD"",""MAIZE"",""TONNE_HA"",""A"",""2026"",9.615,"
"OECD,""CROPYIELD"",""MAIZE"",""TONNE_HA"",""A"",""2027"",9.679,"
"OECD,""CROPYIELD"",""MAIZE"",""TONNE_HA"",""A"",""2028"",9.741,"
"OECD,""CROPYIELD"",""MAIZE"",""TONNE_HA"",""A"",""2029"",9.805,"
"GBR,""CROPYIELD"",""MAIZE"",""TONNE_HA"",""A"",""1990"",0,"
"GBR,""CROPYIELD"",""MAIZE"",""TONNE_HA"",""A"",""1991"",0,"
"GBR,""CROPYIELD"",""MAIZE"",""TONNE_HA"",""A"",""1992"",0,"
"GBR,""CROPYIELD"",""MAIZE"",""TONNE_HA"",""A"",""1993"",0,"
"GBR,""CROPYIELD"",""MAIZE"",""TONNE_HA"",""A"",""1994"",0,"
"GBR,""CROPYIELD"",""MAIZE"",""TONNE_HA"",""A"",""1995"",0,"
"GBR,""CROPYIELD"",""MAIZE"",""TONNE_HA"",""A"",""1996"",0,"
"GBR,""CROPYIELD"",""MAIZE"",""TONNE_HA"",""A"",""1997"",0,"
"GBR,""CROPYIELD"",""MAIZE"",""TONNE_HA"",""A"",""1998"",0,"
"GBR,""CROPYIELD"",""MAIZE"",""TONNE_HA"",""A"",""1999"",0,"
"GBR,""CROPYIELD"",""MAIZE"",""TONNE_HA"",""A"",""2000"",0,"
"GBR,""CROPYIELD"",""MAIZE"",""TONNE_HA"",""A"",""2001"",0,"
"GBR,""CROPYIELD"",""MAIZE"",""TONNE_HA"",""A"",""2002"",0,"
"GBR,""CROPYIELD"",""MAIZE"",""TONNE_HA"",""A"",""2003"",0,"
"GBR,""CROPYIELD"",""MAIZE"",""TONNE_HA"",""A"",""2004"",0,"
"GBR,""CROPYIELD"",""MAIZE"",""TONNE_HA"",""A"",""2005"",0,"
"GBR,""CROPYIELD"",""MAIZE"",""TONNE_HA"",""A"",""2006"",0,"
"GBR,""CROPYIELD"",""MAIZE"",""TONNE_HA"",""A"",""2007"",0,"
"GBR,""CROPYIELD"",""MAIZE"",""TONNE_HA"",""A"",""2008"",0,"
"GBR,""CROPYIELD"",""MAIZE"",""TONNE_HA"",""A"",""2009"",0,"
"GBR,""CROPYIELD"",""MAIZE"",""TONNE_HA"",""A"",""2010"",0,"
"GBR,""CROPYIELD"",""MAIZE"",""TONNE_HA"",""A"",""2011"",0,"
"GBR,""CROPYIELD"",""MAIZE"",""TONNE_HA"",""A"",""2012"",0,"
"GBR,""CROPYIELD"",""MAIZE"",""TONNE_HA"",""A"",""2013"",0,"
"GBR,""CROPYIELD"",""MAIZE"",""TONNE_HA"",""A"",""2014"",0,"
"GBR,""CROPYIELD"",""MAIZE"",""TONNE_HA"",""A"",""2015"",0,"
"GBR,""CROPYIELD"",""MAIZE"",""TONNE_HA"",""A"",""2016"",0,"
"GBR,""CROPYIELD"",""MAIZE"",""TONNE_HA"",""A"",""2017"",0,"
"GBR,""CROPYIELD"",""MAIZE"",""TONNE_HA"",""A"",""2018"",0,"
"GBR,""CROPYIELD"",""MAIZE"",""TONNE_HA"",""A"",""2019"",0,"
"GBR,""CROPYIELD"",""MAIZE"",""TONNE_HA"",""A"",""2020"",0,"
"GBR,""CROPYIELD"",""MAIZE"",""TONNE_HA"",""A"",""2021"",0,"
"GBR,""CROPYIELD"",""MAIZE"",""TONNE_HA"",""A"",""2022"",0,"
"GBR,""CROPYIELD"",""MAIZE"",""TONNE_HA"",""A"",""2023"",0,"
"GBR,""CROPYIELD"",""MAIZE"",""TONNE_HA"",""A"",""2024"",0,"
"GBR,""CROPYIELD"",""MAIZE"",""TONNE_HA"",""A"",""2025"",0,"
"GBR,""CROPYIELD"",""MAIZE"",""TONNE_HA"",""A"",""2026"",0,"
"GBR,""CROPYIELD"",""MAIZE"",""TONNE_HA"",""A"",""2027"",0,"
"GBR,""CROPYIELD"",""MAIZE"",""TONNE_HA"",""A"",""2028"",0,"
"GBR,""CROPYIELD"",""MAIZE"",""TONNE_HA"",""A"",""2029"",0,"
