"Area,""Area Id"",""Variable Name"",""Variable Id"",""Year"",""Value"",""Symbol"",""Md"""	
"Brazil,21,""Total area of the country (excl. coastal waters)"",4100,1962,851577.0,""E"","""","""""	
"Brazil,21,""Total area of the country (excl. coastal waters)"",4100,1967,851577.0,""E"","""","""""	
"Brazil,21,""Total area of the country (excl. coastal waters)"",4100,1972,851577.0,""E"","""","""""	
"Brazil,21,""Total area of the country (excl. coastal waters)"",4100,1977,851577.0,""E"","""","""""	
"Brazil,21,""Total area of the country (excl. coastal waters)"",4100,1982,851577.0,""E"","""","""""	
"Brazil,21,""Total area of the country (excl. coastal waters)"",4100,1987,851577.0,""E"","""","""""	
"Brazil,21,""Total area of the country (excl. coastal waters)"",4100,1992,851577.0,""E"","""","""""	
"Brazil,21,""Total area of the country (excl. coastal waters)"",4100,1997,851577.0,""E"","""","""""	
"Brazil,21,""Total area of the country (excl. coastal waters)"",4100,2002,851577.0,""E"","""","""""	
"Brazil,21,""Total area of the country (excl. coastal waters)"",4100,2007,851577.0,""E"","""","""""	
"Brazil,21,""Total area of the country (excl. coastal waters)"",4100,2012,851577.0,""E"","""","""""	
"Brazil,21,""Total area of the country (excl. coastal waters)"",4100,2016,851577.0,""E"","""","""""	
"Brazil,21,""Arable land area"",4101,1962,24000.0,""E"","""","""""	
"Brazil,21,""Arable land area"",4101,1967,30000.0,""E"","""","""""	
"Brazil,21,""Arable land area"",4101,1972,38000.0,""E"","""","""""	
"Brazil,21,""Arable land area"",4101,1977,44000.0,""E"","""","""""	
"Brazil,21,""Arable land area"",4101,1982,47000.0,""E"","""","""""	
"Brazil,21,""Arable land area"",4101,1987,49500.0,""E"","""","""""	
"Brazil,21,""Arable land area"",4101,1992,51803.0,""E"","""","""""	
"Brazil,21,""Arable land area"",4101,1997,57788.0,""E"","""","""""	
"Brazil,21,""Arable land area"",4101,2002,61504.0,""E"","""","""""	
"Brazil,21,""Arable land area"",4101,2007,68388.0,""E"","""","""""	
"Brazil,21,""Arable land area"",4101,2012,72607.0,""E"","""","""""	
"Brazil,21,""Arable land area"",4101,2016,80976.0,""E"","""","""""	
"Brazil,21,""Permanent crops area"",4102,1962,6213.0,""E"","""","""""	
"Brazil,21,""Permanent crops area"",4102,1967,6189.0,""E"","""","""""	
"Brazil,21,""Permanent crops area"",4102,1972,6337.0,""E"","""","""""	
"Brazil,21,""Permanent crops area"",4102,1977,6950.0,""E"","""","""""	
"Brazil,21,""Permanent crops area"",4102,1982,7136.0,""E"","""","""""	
"Brazil,21,""Permanent crops area"",4102,1987,5891.0,""E"","""","""""	
"Brazil,21,""Permanent crops area"",4102,1992,7197.0,""E"","""","""""	
"Brazil,21,""Permanent crops area"",4102,1997,7512.0,""E"","""","""""	
"Brazil,21,""Permanent crops area"",4102,2002,7364.0,""E"","""","""""	
"Brazil,21,""Permanent crops area"",4102,2007,7250.0,""E"","""","""""	
"Brazil,21,""Permanent crops area"",4102,2012,7000.0,""E"","""","""""	
"Brazil,21,""Permanent crops area"",4102,2016,6570.0,""E"","""","""""	
"Brazil,21,""Cultivated area (arable land + permanent crops)"",4103,1962,30213.0,""E"","""","""""	
"Brazil,21,""Cultivated area (arable land + permanent crops)"",4103,1967,36189.0,""E"","""","""""	
"Brazil,21,""Cultivated area (arable land + permanent crops)"",4103,1972,44337.0,""E"","""","""""	
"Brazil,21,""Cultivated area (arable land + permanent crops)"",4103,1977,50950.0,""E"","""","""""	
"Brazil,21,""Cultivated area (arable land + permanent crops)"",4103,1982,54136.0,""E"","""","""""	
"Brazil,21,""Cultivated area (arable land + permanent crops)"",4103,1987,55391.0,""E"","""","""""	
"Brazil,21,""Cultivated area (arable land + permanent crops)"",4103,1992,59000.0,""E"","""","""""	
"Brazil,21,""Cultivated area (arable land + permanent crops)"",4103,1997,65300.0,""E"","""","""""	
"Brazil,21,""Cultivated area (arable land + permanent crops)"",4103,2002,68868.0,""E"","""","""""	
"Brazil,21,""Cultivated area (arable land + permanent crops)"",4103,2007,75638.0,""E"","""","""""	
"Brazil,21,""Cultivated area (arable land + permanent crops)"",4103,2012,79607.0,""E"","""","""""	
"Brazil,21,""Cultivated area (arable land + permanent crops)"",4103,2016,87546.0,""E"","""","""""	
"Brazil,21,""% of total country area cultivated"",4470,1962,3.548,""E"","""","""""	
"Brazil,21,""% of total country area cultivated"",4470,1967,4.25,""E"","""","""""	
"Brazil,21,""% of total country area cultivated"",4470,1972,5.206,""E"","""","""""	
"Brazil,21,""% of total country area cultivated"",4470,1977,5.983,""E"","""","""""	
"Brazil,21,""% of total country area cultivated"",4470,1982,6.357,""E"","""","""""	
"Brazil,21,""% of total country area cultivated"",4470,1987,6.505,""E"","""","""""	
"Brazil,21,""% of total country area cultivated"",4470,1992,6.928,""E"","""","""""	
"Brazil,21,""% of total country area cultivated"",4470,1997,7.668,""E"","""","""""	
"Brazil,21,""% of total country area cultivated"",4470,2002,8.087,""E"","""","""""	
"Brazil,21,""% of total country area cultivated"",4470,2007,8.882,""E"","""","""""	
"Brazil,21,""% of total country area cultivated"",4470,2012,9.348,""E"","""","""""	
"Brazil,21,""% of total country area cultivated"",4470,2016,10.28,""E"","""","""""	
"Brazil,21,""Total population"",4104,1962,76573.0,""E"","""","""""	
"Brazil,21,""Total population"",4104,1967,88191.0,""E"","""","""""	
"Brazil,21,""Total population"",4104,1972,100144.0,""E"","""","""""	
"Brazil,21,""Total population"",4104,1977,112868.0,""E"","""","""""	
"Brazil,21,""Total population"",4104,1982,126947.0,""E"","""","""""	
"Brazil,21,""Total population"",4104,1987,141273.0,""E"","""","""""	
"Brazil,21,""Total population"",4104,1992,154564.0,""E"","""","""""	
"Brazil,21,""Total population"",4104,1997,167545.0,""E"","""","""""	
"Brazil,21,""Total population"",4104,2002,180151.0,""E"","""","""""	
"Brazil,21,""Total population"",4104,2007,191027.0,""E"","""","""""	
"Brazil,21,""Total population"",4104,2012,200561.0,""E"","""","""""	
"Brazil,21,""Total population"",4104,2017,209288.0,""E"","""","""""	
"Brazil,21,""Rural population"",4105,1962,39399.0,""E"","""","""""	
"Brazil,21,""Rural population"",4105,1967,40999.0,""E"","""","""""	
"Brazil,21,""Rural population"",4105,1972,41795.0,""E"","""","""""	
"Brazil,21,""Rural population"",4105,1977,41744.0,""E"","""","""""	
"Brazil,21,""Rural population"",4105,1982,41171.0,""E"","""","""""	
"Brazil,21,""Rural population"",4105,1987,39868.0,""E"","""","""""	
"Brazil,21,""Rural population"",4105,1992,37929.0,""E"","""","""""	
"Brazil,21,""Rural population"",4105,1997,35594.0,""E"","""","""""	
"Brazil,21,""Rural population"",4105,2002,33263.0,""E"","""","""""	
"Brazil,21,""Rural population"",4105,2007,32478.0,""E"","""","""""	
"Brazil,21,""Rural population"",4105,2012,31899.0,""E"","""","""""	
"Brazil,21,""Rural population"",4105,2017,31119.0,""E"","""","""""	
"Brazil,21,""Urban population"",4106,1962,37174.0,""E"","""","""""	
"Brazil,21,""Urban population"",4106,1967,47192.0,""E"","""","""""	
"Brazil,21,""Urban population"",4106,1972,58349.0,""E"","""","""""	
"Brazil,21,""Urban population"",4106,1977,71124.0,""E"","""","""""	
"Brazil,21,""Urban population"",4106,1982,85776.0,""E"","""","""""	
"Brazil,21,""Urban population"",4106,1987,101405.0,""E"","""","""""	
"Brazil,21,""Urban population"",4106,1992,116635.0,""E"","""","""""	
"Brazil,21,""Urban population"",4106,1997,131951.0,""E"","""","""""	
"Brazil,21,""Urban population"",4106,2002,146888.0,""E"","""","""""	
"Brazil,21,""Urban population"",4106,2007,158549.0,""E"","""","""""	
"Brazil,21,""Urban population"",4106,2012,168662.0,""E"","""","""""	
"Brazil,21,""Urban population"",4106,2017,178169.0,""E"","""","""""	
"Brazil,21,""Population density"",4107,1962,8.992,""E"","""","""""	
"Brazil,21,""Population density"",4107,1967,10.36,""E"","""","""""	
"Brazil,21,""Population density"",4107,1972,11.76,""E"","""","""""	
"Brazil,21,""Population density"",4107,1977,13.25,""E"","""","""""	
"Brazil,21,""Population density"",4107,1982,14.91,""E"","""","""""	
"Brazil,21,""Population density"",4107,1987,16.59,""E"","""","""""	
"Brazil,21,""Population density"",4107,1992,18.15,""E"","""","""""	
"Brazil,21,""Population density"",4107,1997,19.67,""E"","""","""""	
"Brazil,21,""Population density"",4107,2002,21.15,""E"","""","""""	
"Brazil,21,""Population density"",4107,2007,22.43,""E"","""","""""	
"Brazil,21,""Population density"",4107,2012,23.55,""E"","""","""""	
"Brazil,21,""Population density"",4107,2017,24.58,""E"","""","""""	
"Brazil,21,""Gross Domestic Product (GDP)"",4112,1962,1.9926293839E10,""E"","""","""""	
"Brazil,21,""Gross Domestic Product (GDP)"",4112,1967,3.0591834054E10,""E"","""","""""	
"Brazil,21,""Gross Domestic Product (GDP)"",4112,1972,5.8539008786E10,""E"","""","""""	
"Brazil,21,""Gross Domestic Product (GDP)"",4112,1977,1.76E11,""E"","""","""""	
"Brazil,21,""Gross Domestic Product (GDP)"",4112,1982,2.82E11,""E"","""","""""	
"Brazil,21,""Gross Domestic Product (GDP)"",4112,1987,2.94E11,""E"","""","""""	
"Brazil,21,""Gross Domestic Product (GDP)"",4112,1992,4.01E11,""E"","""","""""	
"Brazil,21,""Gross Domestic Product (GDP)"",4112,1997,8.83E11,""E"","""","""""	
"Brazil,21,""Gross Domestic Product (GDP)"",4112,2002,5.08E11,""E"","""","""""	
"Brazil,21,""Gross Domestic Product (GDP)"",4112,2007,1.4E12,""E"","""","""""	
"Brazil,21,""Gross Domestic Product (GDP)"",4112,2012,2.46E12,""E"","""","""""	
"Brazil,21,""Gross Domestic Product (GDP)"",4112,2015,1.77E12,""E"","""","""""	
"Brazil,21,""GDP per capita"",4458,1962,260.2,""E"","""","""""	
"Brazil,21,""GDP per capita"",4458,1967,346.9,""E"","""","""""	
"Brazil,21,""GDP per capita"",4458,1972,584.5,""E"","""","""""	
"Brazil,21,""GDP per capita"",4458,1977,1559.0,""E"","""","""""	
"Brazil,21,""GDP per capita"",4458,1982,2221.0,""E"","""","""""	
"Brazil,21,""GDP per capita"",4458,1987,2081.0,""E"","""","""""	
"Brazil,21,""GDP per capita"",4458,1992,2594.0,""E"","""","""""	
"Brazil,21,""GDP per capita"",4458,1997,5270.0,""E"","""","""""	
"Brazil,21,""GDP per capita"",4458,2002,2820.0,""E"","""","""""	
"Brazil,21,""GDP per capita"",4458,2007,7329.0,""E"","""","""""	
"Brazil,21,""GDP per capita"",4458,2012,12266.0,""E"","""","""""	
"Brazil,21,""GDP per capita"",4458,2015,8457.0,""E"","""","""""	
"Brazil,21,""Agriculture, value added (% GDP)"",4113,1962,17.35,""E"","""","""""	
"Brazil,21,""Agriculture, value added (% GDP)"",4113,1967,15.11,""E"","""","""""	
"Brazil,21,""Agriculture, value added (% GDP)"",4113,1972,12.99,""E"","""","""""	
"Brazil,21,""Agriculture, value added (% GDP)"",4113,1977,14.67,""E"","""","""""	
"Brazil,21,""Agriculture, value added (% GDP)"",4113,1982,8.968,""E"","""","""""	
"Brazil,21,""Agriculture, value added (% GDP)"",4113,1987,10.01,""E"","""","""""	
"Brazil,21,""Agriculture, value added (% GDP)"",4113,1992,7.72,""E"","""","""""	
"Brazil,21,""Agriculture, value added (% GDP)"",4113,1997,5.331,""E"","""","""""	
"Brazil,21,""Agriculture, value added (% GDP)"",4113,2002,6.417,""E"","""","""""	
"Brazil,21,""Agriculture, value added (% GDP)"",4113,2007,5.18,""E"","""","""""	
"Brazil,21,""Agriculture, value added (% GDP)"",4113,2012,4.912,""E"","""","""""	
"Brazil,21,""Agriculture, value added (% GDP)"",4113,2015,5.215,""E"","""","""""	
"Brazil,21,""Human Development Index (HDI) [highest = 1]"",4111,1990,0.608,""E"","""","""""	
"Brazil,21,""Human Development Index (HDI) [highest = 1]"",4111,2000,0.6834,""E"","""","""""	
"Brazil,21,""Human Development Index (HDI) [highest = 1]"",4111,2012,0.7465,""E"","""","""""	
"Brazil,21,""Human Development Index (HDI) [highest = 1]"",4111,2014,0.7553,""E"","""","""""	
"Brazil,21,""Gender Inequality Index (GII) [equality = 0"	
"Brazil,21,""Gender Inequality Index (GII) [equality = 0"	
"Brazil,21,""Gender Inequality Index (GII) [equality = 0"	" inequality = 1)"",4537,2000,0.515,""E"","""","""""
"Brazil,21,""Gender Inequality Index (GII) [equality = 0"	" inequality = 1)"",4537,2005,0.473,""E"","""","""""
"Brazil,21,""Prevalence of undernourishment (3-year average)"",4474,1992,14.8,""E"","""","""""	" inequality = 1)"",4537,2010,0.446,""E"","""","""""
"Brazil,21,""Prevalence of undernourishment (3-year average)"",4474,1997,13.6,""E"","""","""""	" inequality = 1)"",4537,2014,0.4569,""E"","""","""""
"Brazil,21,""Prevalence of undernourishment (3-year average)"",4474,2002,11.2,""E"","""","""""	
"Brazil,21,""Prevalence of undernourishment (3-year average)"",4474,2005,6.1,""E"","""","""""	
"Brazil,21,""Number of people undernourished (3-year average)"",4473,1992,22600.0,""E"","""","""""	
"Brazil,21,""Number of people undernourished (3-year average)"",4473,1997,22300.0,""E"","""","""""	
"Brazil,21,""Number of people undernourished (3-year average)"",4473,2002,19900.0,""E"","""","""""	
"Brazil,21,""Number of people undernourished (3-year average)"",4473,2005,11100.0,""E"","""","""""	
"Brazil,21,""Long-term average annual precipitation in depth"",4151,1962,1761.0,"""",""[1,2]"","""""	
"Brazil,21,""Long-term average annual precipitation in depth"",4151,1967,1761.0,"""",""[3,4]"","""""	
"Brazil,21,""Long-term average annual precipitation in depth"",4151,1972,1761.0,"""",""[5,6]"","""""	
"Brazil,21,""Long-term average annual precipitation in depth"",4151,1977,1761.0,"""",""[7,8]"","""""	
"Brazil,21,""Long-term average annual precipitation in depth"",4151,1982,1761.0,"""",""[9,10]"","""""	
"Brazil,21,""Long-term average annual precipitation in depth"",4151,1987,1761.0,"""",""[11,12]"","""""	
"Brazil,21,""Long-term average annual precipitation in depth"",4151,1992,1761.0,"""",""[13,14]"","""""	
"Brazil,21,""Long-term average annual precipitation in depth"",4151,1997,1761.0,"""",""[15,16]"","""""	
"Brazil,21,""Long-term average annual precipitation in depth"",4151,2002,1761.0,"""",""[17,18]"","""""	
"Brazil,21,""Long-term average annual precipitation in depth"",4151,2007,1761.0,"""",""[19,20]"","""""	
"Brazil,21,""Long-term average annual precipitation in depth"",4151,2012,1761.0,"""",""[21,22]"","""""	
"Brazil,21,""Long-term average annual precipitation in depth"",4151,2017,1761.0,"""","""","""""	
"Brazil,21,""Long-term average annual precipitation in volume"",4150,1962,14995.0,"""","""","""""	
"Brazil,21,""Long-term average annual precipitation in volume"",4150,1967,14995.0,"""","""","""""	
"Brazil,21,""Long-term average annual precipitation in volume"",4150,1972,14995.0,"""","""","""""	
"Brazil,21,""Long-term average annual precipitation in volume"",4150,1977,14995.0,"""","""","""""	
"Brazil,21,""Long-term average annual precipitation in volume"",4150,1982,14995.0,"""","""","""""	
"Brazil,21,""Long-term average annual precipitation in volume"",4150,1987,14995.0,"""","""","""""	
"Brazil,21,""Long-term average annual precipitation in volume"",4150,1992,14995.0,"""","""","""""	
"Brazil,21,""Long-term average annual precipitation in volume"",4150,1997,14995.0,"""","""","""""	
"Brazil,21,""Long-term average annual precipitation in volume"",4150,2002,14995.0,"""","""","""""	
"Brazil,21,""Long-term average annual precipitation in volume"",4150,2007,14995.0,"""","""","""""	
"Brazil,21,""Long-term average annual precipitation in volume"",4150,2012,14995.0,"""","""","""""	
"Brazil,21,""Long-term average annual precipitation in volume"",4150,2017,14995.0,"""","""","""""	
"Brazil,21,""National Rainfall Index (NRI)"",4472,1967,1888.0,""E"","""","""""	
"Brazil,21,""National Rainfall Index (NRI)"",4472,1970,1875.0,""E"","""","""""	
"Brazil,21,""National Rainfall Index (NRI)"",4472,1975,2033.0,""E"","""","""""	
"Brazil,21,""National Rainfall Index (NRI)"",4472,1979,1986.0,""E"","""","""""	
"Brazil,21,""National Rainfall Index (NRI)"",4472,1984,1959.0,""E"","""","""""	
"Brazil,21,""National Rainfall Index (NRI)"",4472,1990,1989.0,""E"","""","""""	
"Brazil,21,""National Rainfall Index (NRI)"",4472,1995,1911.0,""E"","""","""""	
"Brazil,21,""National Rainfall Index (NRI)"",4472,2000,1934.0,""E"","""","""""	
"Brazil,21,""Surface water produced internally"",4155,1962,5661.0,"""",""[23]"","""""	
"Brazil,21,""Surface water produced internally"",4155,1967,5661.0,"""",""[24]"","""""	
"Brazil,21,""Surface water produced internally"",4155,1972,5661.0,"""",""[25]"","""""	
"Brazil,21,""Surface water produced internally"",4155,1977,5661.0,"""",""[26]"","""""	
"Brazil,21,""Surface water produced internally"",4155,1982,5661.0,"""",""[27]"","""""	
"Brazil,21,""Surface water produced internally"",4155,1987,5661.0,"""",""[28]"","""""	
"Brazil,21,""Surface water produced internally"",4155,1992,5661.0,"""",""[29]"","""""	
"Brazil,21,""Surface water produced internally"",4155,1997,5661.0,"""",""[30]"","""""	
"Brazil,21,""Surface water produced internally"",4155,2002,5661.0,"""",""[31]"","""""	
"Brazil,21,""Surface water produced internally"",4155,2007,5661.0,"""",""[32]"","""""	
"Brazil,21,""Surface water produced internally"",4155,2012,5661.0,"""",""[33]"","""""	
"Brazil,21,""Surface water produced internally"",4155,2017,5661.0,"""","""","""""	
"Brazil,21,""Groundwater produced internally"",4154,1962,645.6,"""","""","""""	
"Brazil,21,""Groundwater produced internally"",4154,1967,645.6,"""","""","""""	
"Brazil,21,""Groundwater produced internally"",4154,1972,645.6,"""","""","""""	
"Brazil,21,""Groundwater produced internally"",4154,1977,645.6,"""","""","""""	
"Brazil,21,""Groundwater produced internally"",4154,1982,645.6,"""","""","""""	
"Brazil,21,""Groundwater produced internally"",4154,1987,645.6,"""","""","""""	
"Brazil,21,""Groundwater produced internally"",4154,1992,645.6,"""","""","""""	
"Brazil,21,""Groundwater produced internally"",4154,1997,645.6,"""","""","""""	
"Brazil,21,""Groundwater produced internally"",4154,2002,645.6,"""","""","""""	
"Brazil,21,""Groundwater produced internally"",4154,2007,645.6,"""","""","""""	
"Brazil,21,""Groundwater produced internally"",4154,2012,645.6,"""","""","""""	
"Brazil,21,""Groundwater produced internally"",4154,2017,645.6,"""","""","""""	
"Brazil,21,""Overlap between surface water and groundwater"",4156,1962,645.6,"""","""","""""	
"Brazil,21,""Overlap between surface water and groundwater"",4156,1967,645.6,"""","""","""""	
"Brazil,21,""Overlap between surface water and groundwater"",4156,1972,645.6,"""","""","""""	
"Brazil,21,""Overlap between surface water and groundwater"",4156,1977,645.6,"""","""","""""	
"Brazil,21,""Overlap between surface water and groundwater"",4156,1982,645.6,"""","""","""""	
"Brazil,21,""Overlap between surface water and groundwater"",4156,1987,645.6,"""","""","""""	
"Brazil,21,""Overlap between surface water and groundwater"",4156,1992,645.6,"""","""","""""	
"Brazil,21,""Overlap between surface water and groundwater"",4156,1997,645.6,"""","""","""""	
"Brazil,21,""Overlap between surface water and groundwater"",4156,2002,645.6,"""","""","""""	
"Brazil,21,""Overlap between surface water and groundwater"",4156,2007,645.6,"""","""","""""	
"Brazil,21,""Overlap between surface water and groundwater"",4156,2012,645.6,"""","""","""""	
"Brazil,21,""Overlap between surface water and groundwater"",4156,2017,645.6,"""","""","""""	
"Brazil,21,""Total internal renewable water resources (IRWR)"",4157,1962,5661.0,"""","""","""""	
"Brazil,21,""Total internal renewable water resources (IRWR)"",4157,1967,5661.0,"""","""","""""	
"Brazil,21,""Total internal renewable water resources (IRWR)"",4157,1972,5661.0,"""","""","""""	
"Brazil,21,""Total internal renewable water resources (IRWR)"",4157,1977,5661.0,"""","""","""""	
"Brazil,21,""Total internal renewable water resources (IRWR)"",4157,1982,5661.0,"""","""","""""	
"Brazil,21,""Total internal renewable water resources (IRWR)"",4157,1987,5661.0,"""","""","""""	
"Brazil,21,""Total internal renewable water resources (IRWR)"",4157,1992,5661.0,"""","""","""""	
"Brazil,21,""Total internal renewable water resources (IRWR)"",4157,1997,5661.0,"""","""","""""	
"Brazil,21,""Total internal renewable water resources (IRWR)"",4157,2002,5661.0,"""","""","""""	
"Brazil,21,""Total internal renewable water resources (IRWR)"",4157,2007,5661.0,"""","""","""""	
"Brazil,21,""Total internal renewable water resources (IRWR)"",4157,2012,5661.0,"""","""","""""	
"Brazil,21,""Total internal renewable water resources (IRWR)"",4157,2017,5661.0,"""","""","""""	
"Brazil,21,""Total internal renewable water resources per capita"",4158,1962,73929.0,""K"","""","""""	
"Brazil,21,""Total internal renewable water resources per capita"",4158,1967,64190.0,""K"","""","""""	
"Brazil,21,""Total internal renewable water resources per capita"",4158,1972,56529.0,""K"","""","""""	
"Brazil,21,""Total internal renewable water resources per capita"",4158,1977,50156.0,""K"","""","""""	
"Brazil,21,""Total internal renewable water resources per capita"",4158,1982,44593.0,""K"","""","""""	
"Brazil,21,""Total internal renewable water resources per capita"",4158,1987,40071.0,""K"","""","""""	
"Brazil,21,""Total internal renewable water resources per capita"",4158,1992,36626.0,""K"","""","""""	
"Brazil,21,""Total internal renewable water resources per capita"",4158,1997,33788.0,""K"","""","""""	
"Brazil,21,""Total internal renewable water resources per capita"",4158,2002,31424.0,""K"","""","""""	
"Brazil,21,""Total internal renewable water resources per capita"",4158,2007,29635.0,""K"","""","""""	
"Brazil,21,""Total internal renewable water resources per capita"",4158,2012,28226.0,""K"","""","""""	
"Brazil,21,""Total internal renewable water resources per capita"",4158,2017,27049.0,""K"","""","""""	
"Brazil,21,""Surface water: entering the country (total)"",4159,1962,2986.0,"""",""[34,35]"","""""	
"Brazil,21,""Surface water: entering the country (total)"",4159,1967,2986.0,"""",""[36,37]"","""""	
"Brazil,21,""Surface water: entering the country (total)"",4159,1972,2986.0,"""",""[38,39]"","""""	
"Brazil,21,""Surface water: entering the country (total)"",4159,1977,2986.0,"""",""[40,41]"","""""	
"Brazil,21,""Surface water: entering the country (total)"",4159,1982,2986.0,"""",""[42,43]"","""""	
"Brazil,21,""Surface water: entering the country (total)"",4159,1987,2986.0,"""",""[44,45]"","""""	
"Brazil,21,""Surface water: entering the country (total)"",4159,1992,2986.0,"""",""[46,47]"","""""	
"Brazil,21,""Surface water: entering the country (total)"",4159,1997,2986.0,"""",""[48,49]"","""""	
"Brazil,21,""Surface water: entering the country (total)"",4159,2002,2986.0,"""",""[50,51]"","""""	
"Brazil,21,""Surface water: entering the country (total)"",4159,2007,2986.0,"""",""[52,53]"","""""	
"Brazil,21,""Surface water: entering the country (total)"",4159,2012,2986.0,"""",""[54,55]"","""""	
"Brazil,21,""Surface water: entering the country (total)"",4159,2017,2986.0,"""","""","""""	
"Brazil,21,""Surface water: inflow not submitted to treaties"",4160,1962,2986.0,"""","""","""""	
"Brazil,21,""Surface water: inflow not submitted to treaties"",4160,1967,2986.0,"""","""","""""	
"Brazil,21,""Surface water: inflow not submitted to treaties"",4160,1972,2986.0,"""","""","""""	
"Brazil,21,""Surface water: inflow not submitted to treaties"",4160,1977,2986.0,"""","""","""""	
"Brazil,21,""Surface water: inflow not submitted to treaties"",4160,1982,2986.0,"""","""","""""	
"Brazil,21,""Surface water: inflow not submitted to treaties"",4160,1987,2986.0,"""","""","""""	
"Brazil,21,""Surface water: inflow not submitted to treaties"",4160,1992,2986.0,"""","""","""""	
"Brazil,21,""Surface water: inflow not submitted to treaties"",4160,1997,2986.0,"""","""","""""	
"Brazil,21,""Surface water: inflow not submitted to treaties"",4160,2002,2986.0,"""","""","""""	
"Brazil,21,""Surface water: inflow not submitted to treaties"",4160,2007,2986.0,"""","""","""""	
"Brazil,21,""Surface water: inflow not submitted to treaties"",4160,2012,2986.0,"""","""","""""	
"Brazil,21,""Surface water: inflow not submitted to treaties"",4160,2017,2986.0,"""","""","""""	
"Brazil,21,""Surface water: inflow submitted to treaties"",4161,1962,0.0,"""","""","""""	
"Brazil,21,""Surface water: inflow submitted to treaties"",4161,1967,0.0,"""","""","""""	
"Brazil,21,""Surface water: inflow submitted to treaties"",4161,1972,0.0,"""","""","""""	
"Brazil,21,""Surface water: inflow submitted to treaties"",4161,1977,0.0,"""","""","""""	
"Brazil,21,""Surface water: inflow submitted to treaties"",4161,1982,0.0,"""","""","""""	
"Brazil,21,""Surface water: inflow submitted to treaties"",4161,1987,0.0,"""","""","""""	
"Brazil,21,""Surface water: inflow submitted to treaties"",4161,1992,0.0,"""","""","""""	
"Brazil,21,""Surface water: inflow submitted to treaties"",4161,1997,0.0,"""","""","""""	
"Brazil,21,""Surface water: inflow submitted to treaties"",4161,2002,0.0,"""","""","""""	
"Brazil,21,""Surface water: inflow submitted to treaties"",4161,2007,0.0,"""","""","""""	
"Brazil,21,""Surface water: inflow submitted to treaties"",4161,2012,0.0,"""","""","""""	
"Brazil,21,""Surface water: inflow submitted to treaties"",4161,2017,0.0,"""","""","""""	
"Brazil,21,""Surface water: inflow secured through treaties"",4162,1962,0.0,"""","""","""""	
"Brazil,21,""Surface water: inflow secured through treaties"",4162,1967,0.0,"""","""","""""	
"Brazil,21,""Surface water: inflow secured through treaties"",4162,1972,0.0,"""","""","""""	
"Brazil,21,""Surface water: inflow secured through treaties"",4162,1977,0.0,"""","""","""""	
"Brazil,21,""Surface water: inflow secured through treaties"",4162,1982,0.0,"""","""","""""	
"Brazil,21,""Surface water: inflow secured through treaties"",4162,1987,0.0,"""","""","""""	
"Brazil,21,""Surface water: inflow secured through treaties"",4162,1992,0.0,"""","""","""""	
"Brazil,21,""Surface water: inflow secured through treaties"",4162,1997,0.0,"""","""","""""	
"Brazil,21,""Surface water: inflow secured through treaties"",4162,2002,0.0,"""","""","""""	
"Brazil,21,""Surface water: inflow secured through treaties"",4162,2007,0.0,"""","""","""""	
"Brazil,21,""Surface water: inflow secured through treaties"",4162,2012,0.0,"""","""","""""	
"Brazil,21,""Surface water: inflow secured through treaties"",4162,2017,0.0,"""","""","""""	
"Brazil,21,""Surface water: total flow of border rivers"",4165,1962,0.0,"""","""","""""	
"Brazil,21,""Surface water: total flow of border rivers"",4165,1967,0.0,"""","""","""""	
"Brazil,21,""Surface water: total flow of border rivers"",4165,1972,0.0,"""","""","""""	
"Brazil,21,""Surface water: total flow of border rivers"",4165,1977,0.0,"""","""","""""	
"Brazil,21,""Surface water: total flow of border rivers"",4165,1982,0.0,"""","""","""""	
"Brazil,21,""Surface water: total flow of border rivers"",4165,1987,0.0,"""","""","""""	
"Brazil,21,""Surface water: total flow of border rivers"",4165,1992,0.0,"""","""","""""	
"Brazil,21,""Surface water: total flow of border rivers"",4165,1997,0.0,"""","""","""""	
"Brazil,21,""Surface water: total flow of border rivers"",4165,2002,0.0,"""","""","""""	
"Brazil,21,""Surface water: total flow of border rivers"",4165,2007,0.0,"""","""","""""	
"Brazil,21,""Surface water: total flow of border rivers"",4165,2012,0.0,"""","""","""""	
"Brazil,21,""Surface water: total flow of border rivers"",4165,2017,0.0,"""","""","""""	
"Brazil,21,""Surface water: accounted flow of border rivers"",4168,1962,0.0,"""","""","""""	
"Brazil,21,""Surface water: accounted flow of border rivers"",4168,1967,0.0,"""","""","""""	
"Brazil,21,""Surface water: accounted flow of border rivers"",4168,1972,0.0,"""","""","""""	
"Brazil,21,""Surface water: accounted flow of border rivers"",4168,1977,0.0,"""","""","""""	
"Brazil,21,""Surface water: accounted flow of border rivers"",4168,1982,0.0,"""","""","""""	
"Brazil,21,""Surface water: accounted flow of border rivers"",4168,1987,0.0,"""","""","""""	
"Brazil,21,""Surface water: accounted flow of border rivers"",4168,1992,0.0,"""","""","""""	
"Brazil,21,""Surface water: accounted flow of border rivers"",4168,1997,0.0,"""","""","""""	
"Brazil,21,""Surface water: accounted flow of border rivers"",4168,2002,0.0,"""","""","""""	
"Brazil,21,""Surface water: accounted flow of border rivers"",4168,2007,0.0,"""","""","""""	
"Brazil,21,""Surface water: accounted flow of border rivers"",4168,2012,0.0,"""","""","""""	
"Brazil,21,""Surface water: accounted flow of border rivers"",4168,2017,0.0,"""","""","""""	
"Brazil,21,""Surface water: accounted inflow"",4164,1962,2986.0,"""","""","""""	
"Brazil,21,""Surface water: accounted inflow"",4164,1967,2986.0,"""","""","""""	
"Brazil,21,""Surface water: accounted inflow"",4164,1972,2986.0,"""","""","""""	
"Brazil,21,""Surface water: accounted inflow"",4164,1977,2986.0,"""","""","""""	
"Brazil,21,""Surface water: accounted inflow"",4164,1982,2986.0,"""","""","""""	
"Brazil,21,""Surface water: accounted inflow"",4164,1987,2986.0,"""","""","""""	
"Brazil,21,""Surface water: accounted inflow"",4164,1992,2986.0,"""","""","""""	
"Brazil,21,""Surface water: accounted inflow"",4164,1997,2986.0,"""","""","""""	
"Brazil,21,""Surface water: accounted inflow"",4164,2002,2986.0,"""","""","""""	
"Brazil,21,""Surface water: accounted inflow"",4164,2007,2986.0,"""","""","""""	
"Brazil,21,""Surface water: accounted inflow"",4164,2012,2986.0,"""","""","""""	
"Brazil,21,""Surface water: accounted inflow"",4164,2017,2986.0,"""","""","""""	
"Brazil,21,""Surface water: leaving the country to other countries (total)"",4171,1962,585.7,"""",""[56,57]"","""""	
"Brazil,21,""Surface water: leaving the country to other countries (total)"",4171,1967,585.7,"""",""[58,59]"","""""	
"Brazil,21,""Surface water: leaving the country to other countries (total)"",4171,1972,585.7,"""",""[60,61]"","""""	
"Brazil,21,""Surface water: leaving the country to other countries (total)"",4171,1977,585.7,"""",""[62,63]"","""""	
"Brazil,21,""Surface water: leaving the country to other countries (total)"",4171,1982,585.7,"""",""[64,65]"","""""	
"Brazil,21,""Surface water: leaving the country to other countries (total)"",4171,1987,585.7,"""",""[66,67]"","""""	
"Brazil,21,""Surface water: leaving the country to other countries (total)"",4171,1992,585.7,"""",""[68,69]"","""""	
"Brazil,21,""Surface water: leaving the country to other countries (total)"",4171,1997,585.7,"""",""[70,71]"","""""	
"Brazil,21,""Surface water: leaving the country to other countries (total)"",4171,2002,585.7,"""",""[72,73]"","""""	
"Brazil,21,""Surface water: leaving the country to other countries (total)"",4171,2007,585.7,"""",""[74,75]"","""""	
"Brazil,21,""Surface water: leaving the country to other countries (total)"",4171,2012,585.7,"""",""[76,77]"","""""	
"Brazil,21,""Surface water: leaving the country to other countries (total)"",4171,2017,585.7,"""","""","""""	
"Brazil,21,""Surface water: outflow to other countries not submitted to treaties"",4172,1962,585.7,"""","""","""""	
"Brazil,21,""Surface water: outflow to other countries not submitted to treaties"",4172,1967,585.7,"""","""","""""	
"Brazil,21,""Surface water: outflow to other countries not submitted to treaties"",4172,1972,585.7,"""","""","""""	
"Brazil,21,""Surface water: outflow to other countries not submitted to treaties"",4172,1977,585.7,"""","""","""""	
"Brazil,21,""Surface water: outflow to other countries not submitted to treaties"",4172,1982,585.7,"""","""","""""	
"Brazil,21,""Surface water: outflow to other countries not submitted to treaties"",4172,1987,585.7,"""","""","""""	
"Brazil,21,""Surface water: outflow to other countries not submitted to treaties"",4172,1992,585.7,"""","""","""""	
"Brazil,21,""Surface water: outflow to other countries not submitted to treaties"",4172,1997,585.7,"""","""","""""	
"Brazil,21,""Surface water: outflow to other countries not submitted to treaties"",4172,2002,585.7,"""","""","""""	
"Brazil,21,""Surface water: outflow to other countries not submitted to treaties"",4172,2007,585.7,"""","""","""""	
"Brazil,21,""Surface water: outflow to other countries not submitted to treaties"",4172,2012,585.7,"""","""","""""	
"Brazil,21,""Surface water: outflow to other countries not submitted to treaties"",4172,2017,585.7,"""","""","""""	
"Brazil,21,""Surface water: outflow to other countries submitted to treaties"",4173,1962,0.0,"""","""","""""	
"Brazil,21,""Surface water: outflow to other countries submitted to treaties"",4173,1967,0.0,"""","""","""""	
"Brazil,21,""Surface water: outflow to other countries submitted to treaties"",4173,1972,0.0,"""","""","""""	
"Brazil,21,""Surface water: outflow to other countries submitted to treaties"",4173,1977,0.0,"""","""","""""	
"Brazil,21,""Surface water: outflow to other countries submitted to treaties"",4173,1982,0.0,"""","""","""""	
"Brazil,21,""Surface water: outflow to other countries submitted to treaties"",4173,1987,0.0,"""","""","""""	
"Brazil,21,""Surface water: outflow to other countries submitted to treaties"",4173,1992,0.0,"""","""","""""	
"Brazil,21,""Surface water: outflow to other countries submitted to treaties"",4173,1997,0.0,"""","""","""""	
"Brazil,21,""Surface water: outflow to other countries submitted to treaties"",4173,2002,0.0,"""","""","""""	
"Brazil,21,""Surface water: outflow to other countries submitted to treaties"",4173,2007,0.0,"""","""","""""	
"Brazil,21,""Surface water: outflow to other countries submitted to treaties"",4173,2012,0.0,"""","""","""""	
"Brazil,21,""Surface water: outflow to other countries submitted to treaties"",4173,2017,0.0,"""","""","""""	
"Brazil,21,""Surface water: outflow to other countries secured through treaties"",4174,1962,0.0,"""","""","""""	
"Brazil,21,""Surface water: outflow to other countries secured through treaties"",4174,1967,0.0,"""","""","""""	
"Brazil,21,""Surface water: outflow to other countries secured through treaties"",4174,1972,0.0,"""","""","""""	
"Brazil,21,""Surface water: outflow to other countries secured through treaties"",4174,1977,0.0,"""","""","""""	
"Brazil,21,""Surface water: outflow to other countries secured through treaties"",4174,1982,0.0,"""","""","""""	
"Brazil,21,""Surface water: outflow to other countries secured through treaties"",4174,1987,0.0,"""","""","""""	
"Brazil,21,""Surface water: outflow to other countries secured through treaties"",4174,1992,0.0,"""","""","""""	
"Brazil,21,""Surface water: outflow to other countries secured through treaties"",4174,1997,0.0,"""","""","""""	
"Brazil,21,""Surface water: outflow to other countries secured through treaties"",4174,2002,0.0,"""","""","""""	
"Brazil,21,""Surface water: outflow to other countries secured through treaties"",4174,2007,0.0,"""","""","""""	
"Brazil,21,""Surface water: outflow to other countries secured through treaties"",4174,2012,0.0,"""","""","""""	
"Brazil,21,""Surface water: outflow to other countries secured through treaties"",4174,2017,0.0,"""","""","""""	
"Brazil,21,""Surface water: total external renewable"",4176,1962,2986.0,"""","""","""""	
"Brazil,21,""Surface water: total external renewable"",4176,1967,2986.0,"""","""","""""	
"Brazil,21,""Surface water: total external renewable"",4176,1972,2986.0,"""","""","""""	
"Brazil,21,""Surface water: total external renewable"",4176,1977,2986.0,"""","""","""""	
"Brazil,21,""Surface water: total external renewable"",4176,1982,2986.0,"""","""","""""	
"Brazil,21,""Surface water: total external renewable"",4176,1987,2986.0,"""","""","""""	
"Brazil,21,""Surface water: total external renewable"",4176,1992,2986.0,"""","""","""""	
"Brazil,21,""Surface water: total external renewable"",4176,1997,2986.0,"""","""","""""	
"Brazil,21,""Surface water: total external renewable"",4176,2002,2986.0,"""","""","""""	
"Brazil,21,""Surface water: total external renewable"",4176,2007,2986.0,"""","""","""""	
"Brazil,21,""Surface water: total external renewable"",4176,2012,2986.0,"""","""","""""	
"Brazil,21,""Surface water: total external renewable"",4176,2017,2986.0,"""","""","""""	
"Brazil,21,""Groundwater: entering the country (total)"",4177,1962,0.0,"""","""","""""	
"Brazil,21,""Groundwater: entering the country (total)"",4177,1967,0.0,"""","""","""""	
"Brazil,21,""Groundwater: entering the country (total)"",4177,1972,0.0,"""","""","""""	
"Brazil,21,""Groundwater: entering the country (total)"",4177,1977,0.0,"""","""","""""	
"Brazil,21,""Groundwater: entering the country (total)"",4177,1982,0.0,"""","""","""""	
"Brazil,21,""Groundwater: entering the country (total)"",4177,1987,0.0,"""","""","""""	
"Brazil,21,""Groundwater: entering the country (total)"",4177,1992,0.0,"""","""","""""	
"Brazil,21,""Groundwater: entering the country (total)"",4177,1997,0.0,"""","""","""""	
"Brazil,21,""Groundwater: entering the country (total)"",4177,2002,0.0,"""","""","""""	
"Brazil,21,""Groundwater: entering the country (total)"",4177,2007,0.0,"""","""","""""	
"Brazil,21,""Groundwater: entering the country (total)"",4177,2012,0.0,"""","""","""""	
"Brazil,21,""Groundwater: entering the country (total)"",4177,2017,0.0,"""","""","""""	
"Brazil,21,""Groundwater: accounted inflow"",4452,1962,0.0,"""","""","""""	
"Brazil,21,""Groundwater: accounted inflow"",4452,1967,0.0,"""","""","""""	
"Brazil,21,""Groundwater: accounted inflow"",4452,1972,0.0,"""","""","""""	
"Brazil,21,""Groundwater: accounted inflow"",4452,1977,0.0,"""","""","""""	
"Brazil,21,""Groundwater: accounted inflow"",4452,1982,0.0,"""","""","""""	
"Brazil,21,""Groundwater: accounted inflow"",4452,1987,0.0,"""","""","""""	
"Brazil,21,""Groundwater: accounted inflow"",4452,1992,0.0,"""","""","""""	
"Brazil,21,""Groundwater: accounted inflow"",4452,1997,0.0,"""","""","""""	
"Brazil,21,""Groundwater: accounted inflow"",4452,2002,0.0,"""","""","""""	
"Brazil,21,""Groundwater: accounted inflow"",4452,2007,0.0,"""","""","""""	
"Brazil,21,""Groundwater: accounted inflow"",4452,2012,0.0,"""","""","""""	
"Brazil,21,""Groundwater: accounted inflow"",4452,2017,0.0,"""","""","""""	
"Brazil,21,""Groundwater: leaving the country to other countries (total)"",4178,1962,0.0,"""","""","""""	
"Brazil,21,""Groundwater: leaving the country to other countries (total)"",4178,1967,0.0,"""","""","""""	
"Brazil,21,""Groundwater: leaving the country to other countries (total)"",4178,1972,0.0,"""","""","""""	
"Brazil,21,""Groundwater: leaving the country to other countries (total)"",4178,1977,0.0,"""","""","""""	
"Brazil,21,""Groundwater: leaving the country to other countries (total)"",4178,1982,0.0,"""","""","""""	
"Brazil,21,""Groundwater: leaving the country to other countries (total)"",4178,1987,0.0,"""","""","""""	
"Brazil,21,""Groundwater: leaving the country to other countries (total)"",4178,1992,0.0,"""","""","""""	
"Brazil,21,""Groundwater: leaving the country to other countries (total)"",4178,1997,0.0,"""","""","""""	
"Brazil,21,""Groundwater: leaving the country to other countries (total)"",4178,2002,0.0,"""","""","""""	
"Brazil,21,""Groundwater: leaving the country to other countries (total)"",4178,2007,0.0,"""","""","""""	
"Brazil,21,""Groundwater: leaving the country to other countries (total)"",4178,2012,0.0,"""","""","""""	
"Brazil,21,""Groundwater: leaving the country to other countries (total)"",4178,2017,0.0,"""","""","""""	
"Brazil,21,""Groundwater: accounted outflow to other countries"",4453,1962,0.0,"""","""","""""	
"Brazil,21,""Groundwater: accounted outflow to other countries"",4453,1967,0.0,"""","""","""""	
"Brazil,21,""Groundwater: accounted outflow to other countries"",4453,1972,0.0,"""","""","""""	
"Brazil,21,""Groundwater: accounted outflow to other countries"",4453,1977,0.0,"""","""","""""	
"Brazil,21,""Groundwater: accounted outflow to other countries"",4453,1982,0.0,"""","""","""""	
"Brazil,21,""Groundwater: accounted outflow to other countries"",4453,1987,0.0,"""","""","""""	
"Brazil,21,""Groundwater: accounted outflow to other countries"",4453,1992,0.0,"""","""","""""	
"Brazil,21,""Groundwater: accounted outflow to other countries"",4453,1997,0.0,"""","""","""""	
"Brazil,21,""Groundwater: accounted outflow to other countries"",4453,2002,0.0,"""","""","""""	
"Brazil,21,""Groundwater: accounted outflow to other countries"",4453,2007,0.0,"""","""","""""	
"Brazil,21,""Groundwater: accounted outflow to other countries"",4453,2012,0.0,"""","""","""""	
"Brazil,21,""Groundwater: accounted outflow to other countries"",4453,2017,0.0,"""","""","""""	
"Brazil,21,""Water resources: total external renewable"",4182,1962,2986.0,"""","""","""""	
"Brazil,21,""Water resources: total external renewable"",4182,1967,2986.0,"""","""","""""	
"Brazil,21,""Water resources: total external renewable"",4182,1972,2986.0,"""","""","""""	
"Brazil,21,""Water resources: total external renewable"",4182,1977,2986.0,"""","""","""""	
"Brazil,21,""Water resources: total external renewable"",4182,1982,2986.0,"""","""","""""	
"Brazil,21,""Water resources: total external renewable"",4182,1987,2986.0,"""","""","""""	
"Brazil,21,""Water resources: total external renewable"",4182,1992,2986.0,"""","""","""""	
"Brazil,21,""Water resources: total external renewable"",4182,1997,2986.0,"""","""","""""	
"Brazil,21,""Water resources: total external renewable"",4182,2002,2986.0,"""","""","""""	
"Brazil,21,""Water resources: total external renewable"",4182,2007,2986.0,"""","""","""""	
"Brazil,21,""Water resources: total external renewable"",4182,2012,2986.0,"""","""","""""	
"Brazil,21,""Water resources: total external renewable"",4182,2017,2986.0,"""","""","""""	
"Brazil,21,""Total renewable surface water"",4185,1962,8647.0,"""","""","""""	
"Brazil,21,""Total renewable surface water"",4185,1967,8647.0,"""","""","""""	
"Brazil,21,""Total renewable surface water"",4185,1972,8647.0,"""","""","""""	
"Brazil,21,""Total renewable surface water"",4185,1977,8647.0,"""","""","""""	
"Brazil,21,""Total renewable surface water"",4185,1982,8647.0,"""","""","""""	
"Brazil,21,""Total renewable surface water"",4185,1987,8647.0,"""","""","""""	
"Brazil,21,""Total renewable surface water"",4185,1992,8647.0,"""","""","""""	
"Brazil,21,""Total renewable surface water"",4185,1997,8647.0,"""","""","""""	
"Brazil,21,""Total renewable surface water"",4185,2002,8647.0,"""","""","""""	
"Brazil,21,""Total renewable surface water"",4185,2007,8647.0,"""","""","""""	
"Brazil,21,""Total renewable surface water"",4185,2012,8647.0,"""","""","""""	
"Brazil,21,""Total renewable surface water"",4185,2017,8647.0,"""","""","""""	
"Brazil,21,""Total renewable groundwater"",4187,1962,645.6,"""","""","""""	
"Brazil,21,""Total renewable groundwater"",4187,1967,645.6,"""","""","""""	
"Brazil,21,""Total renewable groundwater"",4187,1972,645.6,"""","""","""""	
"Brazil,21,""Total renewable groundwater"",4187,1977,645.6,"""","""","""""	
"Brazil,21,""Total renewable groundwater"",4187,1982,645.6,"""","""","""""	
"Brazil,21,""Total renewable groundwater"",4187,1987,645.6,"""","""","""""	
"Brazil,21,""Total renewable groundwater"",4187,1992,645.6,"""","""","""""	
"Brazil,21,""Total renewable groundwater"",4187,1997,645.6,"""","""","""""	
"Brazil,21,""Total renewable groundwater"",4187,2002,645.6,"""","""","""""	
"Brazil,21,""Total renewable groundwater"",4187,2007,645.6,"""","""","""""	
"Brazil,21,""Total renewable groundwater"",4187,2012,645.6,"""","""","""""	
"Brazil,21,""Total renewable groundwater"",4187,2017,645.6,"""","""","""""	
"Brazil,21,""Overlap: between surface water and groundwater"",4536,1962,645.6,"""","""","""""	
"Brazil,21,""Overlap: between surface water and groundwater"",4536,1967,645.6,"""","""","""""	
"Brazil,21,""Overlap: between surface water and groundwater"",4536,1972,645.6,"""","""","""""	
"Brazil,21,""Overlap: between surface water and groundwater"",4536,1977,645.6,"""","""","""""	
"Brazil,21,""Overlap: between surface water and groundwater"",4536,1982,645.6,"""","""","""""	
"Brazil,21,""Overlap: between surface water and groundwater"",4536,1987,645.6,"""","""","""""	
"Brazil,21,""Overlap: between surface water and groundwater"",4536,1992,645.6,"""","""","""""	
"Brazil,21,""Overlap: between surface water and groundwater"",4536,1997,645.6,"""","""","""""	
"Brazil,21,""Overlap: between surface water and groundwater"",4536,2002,645.6,"""","""","""""	
"Brazil,21,""Overlap: between surface water and groundwater"",4536,2007,645.6,"""","""","""""	
"Brazil,21,""Overlap: between surface water and groundwater"",4536,2012,645.6,"""","""","""""	
"Brazil,21,""Overlap: between surface water and groundwater"",4536,2017,645.6,"""","""","""""	
"Brazil,21,""Total renewable water resources"",4188,1962,8647.0,"""","""","""""	
"Brazil,21,""Total renewable water resources"",4188,1967,8647.0,"""","""","""""	
"Brazil,21,""Total renewable water resources"",4188,1972,8647.0,"""","""","""""	
"Brazil,21,""Total renewable water resources"",4188,1977,8647.0,"""","""","""""	
"Brazil,21,""Total renewable water resources"",4188,1982,8647.0,"""","""","""""	
"Brazil,21,""Total renewable water resources"",4188,1987,8647.0,"""","""","""""	
"Brazil,21,""Total renewable water resources"",4188,1992,8647.0,"""","""","""""	
"Brazil,21,""Total renewable water resources"",4188,1997,8647.0,"""","""","""""	
"Brazil,21,""Total renewable water resources"",4188,2002,8647.0,"""","""","""""	
"Brazil,21,""Total renewable water resources"",4188,2007,8647.0,"""","""","""""	
"Brazil,21,""Total renewable water resources"",4188,2012,8647.0,"""","""","""""	
"Brazil,21,""Total renewable water resources"",4188,2017,8647.0,"""","""","""""	
"Brazil,21,""Dependency ratio"",4192,1962,34.53,"""","""","""""	
"Brazil,21,""Dependency ratio"",4192,1967,34.53,"""","""","""""	
"Brazil,21,""Dependency ratio"",4192,1972,34.53,"""","""","""""	
"Brazil,21,""Dependency ratio"",4192,1977,34.53,"""","""","""""	
"Brazil,21,""Dependency ratio"",4192,1982,34.53,"""","""","""""	
"Brazil,21,""Dependency ratio"",4192,1987,34.53,"""","""","""""	
"Brazil,21,""Dependency ratio"",4192,1992,34.53,"""","""","""""	
"Brazil,21,""Dependency ratio"",4192,1997,34.53,"""","""","""""	
"Brazil,21,""Dependency ratio"",4192,2002,34.53,"""","""","""""	
"Brazil,21,""Dependency ratio"",4192,2007,34.53,"""","""","""""	
"Brazil,21,""Dependency ratio"",4192,2012,34.53,"""","""","""""	
"Brazil,21,""Dependency ratio"",4192,2017,34.53,"""","""","""""	
"Brazil,21,""Total renewable water resources per capita"",4190,1962,112925.0,""K"","""","""""	
"Brazil,21,""Total renewable water resources per capita"",4190,1967,98049.0,""K"","""","""""	
"Brazil,21,""Total renewable water resources per capita"",4190,1972,86346.0,""K"","""","""""	
"Brazil,21,""Total renewable water resources per capita"",4190,1977,76612.0,""K"","""","""""	
"Brazil,21,""Total renewable water resources per capita"",4190,1982,68115.0,""K"","""","""""	
"Brazil,21,""Total renewable water resources per capita"",4190,1987,61208.0,""K"","""","""""	
"Brazil,21,""Total renewable water resources per capita"",4190,1992,55944.0,""K"","""","""""	
"Brazil,21,""Total renewable water resources per capita"",4190,1997,51610.0,""K"","""","""""	
"Brazil,21,""Total renewable water resources per capita"",4190,2002,47999.0,""K"","""","""""	
"Brazil,21,""Total renewable water resources per capita"",4190,2007,45266.0,""K"","""","""""	
"Brazil,21,""Total renewable water resources per capita"",4190,2012,43114.0,""K"","""","""""	
"Brazil,21,""Total renewable water resources per capita"",4190,2017,41316.0,""K"","""","""""	
"Brazil,21,""Interannual variability (WRI)"",4541,2013,1.7,""E"","""","""""	
"Brazil,21,""Seasonal variability (WRI)"",4542,2013,2.5,""E"","""","""""	
"Brazil,21,""Total dam capacity"",4197,1960,403.5,""L"","""","""""	
"Brazil,21,""Total dam capacity"",4197,1965,426.4,""L"","""","""""	
"Brazil,21,""Total dam capacity"",4197,1970,426.4,""L"","""","""""	
"Brazil,21,""Total dam capacity"",4197,1975,447.5,""L"","""","""""	
"Brazil,21,""Total dam capacity"",4197,1980,482.1,""L"","""","""""	
"Brazil,21,""Total dam capacity"",4197,1985,581.6,""L"","""","""""	
"Brazil,21,""Total dam capacity"",4197,1990,601.6,""L"","""","""""	
"Brazil,21,""Total dam capacity"",4197,1995,601.6,""L"","""","""""	
"Brazil,21,""Total dam capacity"",4197,2000,689.7,""L"","""","""""	
"Brazil,21,""Total dam capacity"",4197,2005,697.2,""L"","""","""""	
"Brazil,21,""Total dam capacity"",4197,2010,700.4,""L"","""","""""	
"Brazil,21,""Total dam capacity"",4197,2015,700.4,""L"","""","""""	
"Brazil,21,""Dam capacity per capita"",4471,1960,5269.0,""K"","""","""""	
"Brazil,21,""Dam capacity per capita"",4471,1965,4835.0,""K"","""","""""	
"Brazil,21,""Dam capacity per capita"",4471,1970,4258.0,""K"","""","""""	
"Brazil,21,""Dam capacity per capita"",4471,1975,3965.0,""K"","""","""""	
"Brazil,21,""Dam capacity per capita"",4471,1980,3798.0,""K"","""","""""	
"Brazil,21,""Dam capacity per capita"",4471,1985,4117.0,""K"","""","""""	
"Brazil,21,""Dam capacity per capita"",4471,1990,3892.0,""K"","""","""""	
"Brazil,21,""Dam capacity per capita"",4471,1995,3591.0,""K"","""","""""	
"Brazil,21,""Dam capacity per capita"",4471,2000,3828.0,""K"","""","""""	
"Brazil,21,""Dam capacity per capita"",4471,2005,3650.0,""K"","""","""""	
"Brazil,21,""Dam capacity per capita"",4471,2010,3492.0,""K"","""","""""	
"Brazil,21,""Dam capacity per capita"",4471,2015,3347.0,""K"","""","""""	
"Brazil,21,""Agricultural water withdrawal"",4250,1996,33.43,"""","""","""""	
"Brazil,21,""Agricultural water withdrawal"",4250,2006,31.7,"""","""","""""	
"Brazil,21,""Agricultural water withdrawal"",4250,2010,44.9,"""","""","""""	
"Brazil,21,""Agricultural water withdrawal"",4250,2017,39.43,"""","""","""""	
"Brazil,21,""Industrial water withdrawal"",4252,1996,9.94,"""","""","""""	
"Brazil,21,""Industrial water withdrawal"",4252,2006,10.14,"""","""","""""	
"Brazil,21,""Industrial water withdrawal"",4252,2010,12.72,"""","""","""""	
"Brazil,21,""Industrial water withdrawal"",4252,2017,9.511,"""","""","""""	
"Brazil,21,""Municipal water withdrawal"",4251,1996,11.5,"""","""","""""	
"Brazil,21,""Municipal water withdrawal"",4251,2006,16.23,"""","""","""""	
"Brazil,21,""Municipal water withdrawal"",4251,2010,17.21,"""","""","""""	
"Brazil,21,""Municipal water withdrawal"",4251,2017,16.74,"""","""","""""	
"Brazil,21,""Total water withdrawal"",4253,1987,35.04,"""","""","""""	
"Brazil,21,""Total water withdrawal"",4253,1996,54.87,"""","""","""""	
"Brazil,21,""Total water withdrawal"",4253,2006,58.07,"""","""","""""	
"Brazil,21,""Total water withdrawal"",4253,2010,74.83,"""","""","""""	
"Brazil,21,""Total water withdrawal"",4253,2017,65.68,"""","""","""""	
"Brazil,21,""Irrigation water withdrawal"",4475,2017,34.17,"""","""","""""	
"Brazil,21,""Irrigation water requirement"",4260,2006,15.3,""L"","""","""""	
"Brazil,21,""Agricultural water withdrawal as % of total water withdrawal"",4254,1996,60.93,"""","""","""""	
"Brazil,21,""Agricultural water withdrawal as % of total water withdrawal"",4254,2006,54.59,"""","""","""""	
"Brazil,21,""Agricultural water withdrawal as % of total water withdrawal"",4254,2010,60.0,"""","""","""""	
"Brazil,21,""Agricultural water withdrawal as % of total water withdrawal"",4254,2017,60.03,"""","""","""""	
"Brazil,21,""Industrial water withdrawal as % of total water withdrawal"",4256,1996,18.12,"""","""","""""	
"Brazil,21,""Industrial water withdrawal as % of total water withdrawal"",4256,2006,17.46,"""","""","""""	
"Brazil,21,""Industrial water withdrawal as % of total water withdrawal"",4256,2010,17.0,"""","""","""""	
"Brazil,21,""Industrial water withdrawal as % of total water withdrawal"",4256,2017,14.48,"""","""","""""	
"Brazil,21,""Municipal water withdrawal as % of total withdrawal"",4255,1996,20.96,"""","""","""""	
"Brazil,21,""Municipal water withdrawal as % of total withdrawal"",4255,2006,27.95,"""","""","""""	
"Brazil,21,""Municipal water withdrawal as % of total withdrawal"",4255,2010,23.0,"""","""","""""	
"Brazil,21,""Municipal water withdrawal as % of total withdrawal"",4255,2017,25.49,"""","""","""""	
"Brazil,21,""Total water withdrawal per capita"",4257,1987,248.0,""K"","""","""""	
"Brazil,21,""Total water withdrawal per capita"",4257,1996,327.5,""K"","""","""""	
"Brazil,21,""Total water withdrawal per capita"",4257,2006,304.0,""K"","""","""""	
"Brazil,21,""Total water withdrawal per capita"",4257,2010,373.1,""K"","""","""""	
"Brazil,21,""Total water withdrawal per capita"",4257,2017,313.8,""K"","""","""""	
"Brazil,21,""Environmental Flow Requirements"",4549,1962,6532.0,""E"",""[78]"","""""	
"Brazil,21,""Environmental Flow Requirements"",4549,1967,6532.0,""E"",""[79]"","""""	
"Brazil,21,""Environmental Flow Requirements"",4549,1972,6532.0,""E"",""[80]"","""""	
"Brazil,21,""Environmental Flow Requirements"",4549,1977,6532.0,""E"",""[81]"","""""	
"Brazil,21,""Environmental Flow Requirements"",4549,1982,6532.0,""E"",""[82]"","""""	
"Brazil,21,""Environmental Flow Requirements"",4549,1987,6532.0,""E"",""[83]"","""""	
"Brazil,21,""Environmental Flow Requirements"",4549,1992,6532.0,""E"",""[84]"","""""	
"Brazil,21,""Environmental Flow Requirements"",4549,1997,6532.0,""E"",""[85]"","""""	
"Brazil,21,""Environmental Flow Requirements"",4549,2002,6532.0,""E"",""[86]"","""""	
"Brazil,21,""Environmental Flow Requirements"",4549,2007,6532.0,""E"",""[87]"","""""	
"Brazil,21,""Environmental Flow Requirements"",4549,2012,6532.0,""E"",""[88]"","""""	
"Brazil,21,""Environmental Flow Requirements"",4549,2017,6532.0,""E"",""[89]"","""""	
"Brazil,21,""Fresh surface water withdrawal"",4261,2017,59.38,"""","""","""""	
"Brazil,21,""Fresh groundwater withdrawal"",4262,2017,6.305,"""","""","""""	
"Brazil,21,""Total freshwater withdrawal"",4263,1987,35.04,"""","""","""""	
"Brazil,21,""Total freshwater withdrawal"",4263,1996,54.83,""I"","""","""""	
"Brazil,21,""Total freshwater withdrawal"",4263,2006,58.07,"""","""","""""	
"Brazil,21,""Total freshwater withdrawal"",4263,2010,74.78,""I"","""","""""	
"Brazil,21,""Total freshwater withdrawal"",4263,2017,65.68,"""","""","""""	
"Brazil,21,""Desalinated water produced"",4264,1996,0.04,""I"","""","""""	
"Brazil,21,""Desalinated water produced"",4264,2010,0.04,""I"","""","""""	
"Brazil,21,""Direct use of treated municipal wastewater"",4535,2008,0.009,"""","""","""""	
"Brazil,21,""Direct use of treated municipal wastewater"",4535,2016,0.05,"""","""","""""	
"Brazil,21,""Produced municipal wastewater"",4269,1996,2.567,"""",""[90,91]"","""""	
"Brazil,21,""Produced municipal wastewater"",4269,2006,9.73,"""","""","""""	
"Brazil,21,""Produced municipal wastewater"",4269,2008,10.3,"""","""","""""	
"Brazil,21,""Produced municipal wastewater"",4269,2016,7468.0,"""","""","""""	
"Brazil,21,""Collected municipal wastewater"",4493,2006,5.39,"""","""","""""	
"Brazil,21,""Collected municipal wastewater"",4493,2016,5466.0,"""","""","""""	
"Brazil,21,""Treated municipal wastewater"",4270,1996,0.8847,"""","""","""""	
"Brazil,21,""Treated municipal wastewater"",4270,2006,2.51,"""","""","""""	
"Brazil,21,""Treated municipal wastewater"",4270,2008,3.1,"""","""","""""	
"Brazil,21,""Treated municipal wastewater"",4270,2016,4047.0,"""","""","""""	
"Brazil,21,""Not treated municipal wastewater"",4491,1996,1.682,""I"",""[92]"","""""	
"Brazil,21,""Not treated municipal wastewater"",4491,2006,7.22,"""","""","""""	
"Brazil,21,""Not treated municipal wastewater"",4491,2008,7.2,"""",""[93]"","""""	
"Brazil,21,""Treated municipal wastewater discharged"",4510,2008,3.091,"""",""[94]"","""""	
"Brazil,21,""Direct use of treated municipal wastewater"",4265,2008,0.009,"""","""","""""	
"Brazil,21,""Direct use of treated municipal wastewater"",4265,2016,0.05,"""","""","""""	
"Brazil,21,""Direct use of treated municipal wastewater for irrigation purposes"",4490,2008,0.008,"""","""","""""	
"Brazil,21,""MDG 7.5. Freshwater withdrawal as % of total renewable water resources"",4275,1987,0.4052,"""","""","""""	
"Brazil,21,""MDG 7.5. Freshwater withdrawal as % of total renewable water resources"",4275,1996,0.67,"""","""","""""	
"Brazil,21,""MDG 7.5. Freshwater withdrawal as % of total renewable water resources"",4275,2006,0.6716,"""","""","""""	
"Brazil,21,""MDG 7.5. Freshwater withdrawal as % of total renewable water resources"",4275,2010,0.8648,""I"","""","""""	
"Brazil,21,""MDG 7.5. Freshwater withdrawal as % of total renewable water resources"",4275,2017,0.7596,"""","""","""""	
"Brazil,21,""Agricultural water withdrawal as % of total renewable water resources"",4273,1996,0.3866,"""","""","""""	
"Brazil,21,""Agricultural water withdrawal as % of total renewable water resources"",4273,2006,0.3666,"""","""","""""	
"Brazil,21,""Agricultural water withdrawal as % of total renewable water resources"",4273,2010,0.5193,"""","""","""""	
"Brazil,21,""Agricultural water withdrawal as % of total renewable water resources"",4273,2017,0.456,"""","""","""""	
"Brazil,21,""SDG 6.4.2. Water Stress"",4550,1987,1.657,""K"","""","""""	
"Brazil,21,""SDG 6.4.2. Water Stress"",4550,1996,2.592,""K"","""","""""	
"Brazil,21,""SDG 6.4.2. Water Stress"",4550,2006,2.746,""K"","""","""""	
"Brazil,21,""SDG 6.4.2. Water Stress"",4550,2010,3.536,""K"","""","""""	
"Brazil,21,""SDG 6.4.2. Water Stress"",4550,2017,3.105,""K"","""","""""	
"Brazil,21,""Irrigation potential"",4307,1962,29350.0,"""","""","""""	
"Brazil,21,""Irrigation potential"",4307,1967,29350.0,"""","""","""""	
"Brazil,21,""Irrigation potential"",4307,1972,29350.0,"""","""","""""	
"Brazil,21,""Irrigation potential"",4307,1977,29350.0,"""","""","""""	
"Brazil,21,""Irrigation potential"",4307,1982,29350.0,"""","""","""""	
"Brazil,21,""Irrigation potential"",4307,1987,29350.0,"""","""","""""	
"Brazil,21,""Irrigation potential"",4307,1992,29350.0,"""","""","""""	
"Brazil,21,""Irrigation potential"",4307,1997,29350.0,"""","""","""""	
"Brazil,21,""Irrigation potential"",4307,2002,29350.0,"""","""","""""	
"Brazil,21,""Irrigation potential"",4307,2007,29350.0,"""","""","""""	
"Brazil,21,""Irrigation potential"",4307,2012,29350.0,"""","""","""""	
"Brazil,21,""Irrigation potential"",4307,2013,29350.0,"""","""","""""	
"Brazil,21,""Area equipped for full control irrigation: surface irrigation"",4308,1998,1696.0,"""","""","""""	
"Brazil,21,""Area equipped for full control irrigation: surface irrigation"",4308,2006,1860.0,""K"","""","""""	
"Brazil,21,""Area equipped for full control irrigation: surface irrigation"",4308,2010,2619.0,"""","""","""""	
"Brazil,21,""Area equipped for full control irrigation: surface irrigation"",4308,2016,1547.0,"""","""","""""	
"Brazil,21,""Area equipped for full control irrigation: sprinkler irrigation"",4309,1998,1006.0,"""","""","""""	
"Brazil,21,""Area equipped for full control irrigation: sprinkler irrigation"",4309,2006,2413.0,"""","""","""""	
"Brazil,21,""Area equipped for full control irrigation: sprinkler irrigation"",4309,2010,2446.0,"""","""","""""	
"Brazil,21,""Area equipped for full control irrigation: sprinkler irrigation"",4309,2016,1029.0,"""","""","""""	
"Brazil,21,""Area equipped for full control irrigation: localized irrigation"",4310,1986,20.15,"""","""","""""	
"Brazil,21,""Area equipped for full control irrigation: localized irrigation"",4310,1998,176.1,"""","""","""""	
"Brazil,21,""Area equipped for full control irrigation: localized irrigation"",4310,2006,328.0,"""","""","""""	
"Brazil,21,""Area equipped for full control irrigation: localized irrigation"",4310,2010,334.8,"""","""","""""	
"Brazil,21,""Area equipped for full control irrigation: localized irrigation"",4310,2016,2490.0,"""","""","""""	
"Brazil,21,""Area equipped for full control irrigation: total"",4311,1998,2878.0,"""","""","""""	
"Brazil,21,""Area equipped for full control irrigation: total"",4311,2006,4601.0,""K"","""","""""	
"Brazil,21,""Area equipped for full control irrigation: total"",4311,2010,5400.0,"""","""","""""	
"Brazil,21,""Area equipped for full control irrigation: total"",4311,2016,5066.0,"""","""","""""	
"Brazil,21,""Area equipped for full control irrigation: actually irrigated"",4461,1989,2700.0,"""","""","""""	
"Brazil,21,""Area equipped for full control irrigation: actually irrigated"",4461,2006,4454.0,"""","""","""""	
"Brazil,21,""Area equipped for full control irrigation: actually irrigated"",4461,2017,5159.0,"""","""","""""	
"Brazil,21,""% of area equipped for full control irrigation actually irrigated"",4463,2006,96.81,""K"","""","""""	
"Brazil,21,""% of area equipped for full control irrigation actually irrigated"",4463,2017,101.8,"""","""","""""	
"Brazil,21,""Area equipped for irrigation: total"",4313,1998,2878.0,"""","""","""""	
"Brazil,21,""Area equipped for irrigation: total"",4313,2006,4601.0,""K"","""","""""	
"Brazil,21,""Area equipped for irrigation: total"",4313,2010,5400.0,"""","""","""""	
"Brazil,21,""Area equipped for irrigation: total"",4313,2016,5066.0,"""","""","""""	
"Brazil,21,""Area equipped for irrigation: actually irrigated"",4318,1989,2700.0,"""","""","""""	
"Brazil,21,""Area equipped for irrigation: actually irrigated"",4318,2006,4454.0,"""","""","""""	
"Brazil,21,""% of the area equipped for irrigation actually irrigated"",4328,2006,96.81,""K"","""","""""	
"Brazil,21,""% of the cultivated area equipped for irrigation"",4331,1998,4.179,""K"","""","""""	
"Brazil,21,""% of the cultivated area equipped for irrigation"",4331,2006,6.083,""K"","""","""""	
"Brazil,21,""% of the cultivated area equipped for irrigation"",4331,2010,6.783,""K"","""","""""	
"Brazil,21,""% of the cultivated area equipped for irrigation"",4331,2016,5.787,""K"","""","""""	
"Brazil,21,""% of irrigation potential equipped for irrigation"",4330,1998,9.806,"""","""","""""	
"Brazil,21,""% of irrigation potential equipped for irrigation"",4330,2006,15.68,""K"","""","""""	
"Brazil,21,""% of irrigation potential equipped for irrigation"",4330,2010,18.4,"""","""","""""	
"Brazil,21,""% of irrigation potential equipped for irrigation"",4330,2016,17.26,"""","""","""""	
"Brazil,21,""Total agricultural water managed area"",4317,1998,2878.0,"""","""","""""	
"Brazil,21,""Total agricultural water managed area"",4317,2006,4601.0,""K"","""","""""	
"Brazil,21,""Total agricultural water managed area"",4317,2010,5400.0,"""","""","""""	
"Brazil,21,""Total agricultural water managed area"",4317,2016,5066.0,"""","""","""""	
"Brazil,21,""% of agricultural water managed area equipped for irrigation"",4319,1998,100.0,"""","""","""""	
"Brazil,21,""% of agricultural water managed area equipped for irrigation"",4319,2006,100.0,""K"","""","""""	
"Brazil,21,""% of agricultural water managed area equipped for irrigation"",4319,2010,100.0,"""","""","""""	
"Brazil,21,""% of agricultural water managed area equipped for irrigation"",4319,2016,100.0,"""","""","""""	
"Brazil,21,""Area equipped for irrigation by surface water"",4321,1998,2325.0,"""","""","""""	
"Brazil,21,""Area equipped for irrigation by groundwater"",4320,1998,545.3,"""","""","""""	
"Brazil,21,""% of area equipped for irrigation by surface water"",4324,1996,81.0,"""","""","""""	
"Brazil,21,""% of area equipped for irrigation by surface water"",4324,1998,80.79,"""","""","""""	
"Brazil,21,""% of area equipped for irrigation by groundwater"",4323,1996,19.0,"""","""","""""	
"Brazil,21,""% of area equipped for irrigation by groundwater"",4323,1998,18.95,"""","""","""""	
"Brazil,21,""% of area equipped for irrigation by mixed surface water and groundwater"",4325,1996,0.0,"""","""","""""	
"Brazil,21,""Total harvested irrigated crop area (full control irrigation)"",4379,2006,5329.0,""K"","""","""""	
"Brazil,21,""Harvested irrigated temporary crop area: Total"",4520,2006,4798.0,""K"","""","""""	
"Brazil,21,""Harvested irrigated permanent crop area: Total"",4521,2006,476.0,""K"","""","""""	
"Brazil,21,""Permanent meadows and pastures irrigated"",4469,2006,55.0,"""","""","""""	
"Brazil,21,""Irrigated cropping intensity"",4464,2006,119.6,""K"","""","""""	
"Brazil,21,""Harvested irrigated temporary crop area: Wheat"",4345,2006,19.0,"""","""","""""	
"Brazil,21,""Harvested irrigated temporary crop area: Rice"",4346,1996,910.0,"""","""","""""	
"Brazil,21,""Harvested irrigated temporary crop area: Rice"",4346,2006,1129.0,"""","""","""""	
"Brazil,21,""Harvested irrigated temporary crop area: Maize"",4348,2006,559.0,"""","""","""""	
"Brazil,21,""Harvested irrigated temporary crop area: Vegetables"",4360,1996,318.4,"""","""","""""	
"Brazil,21,""Harvested irrigated temporary crop area: Vegetables"",4360,2006,151.8,"""","""","""""	
"Brazil,21,""Harvested irrigated temporary crop area: Soybeans"",4371,2006,624.2,"""","""","""""	
"Brazil,21,""Harvested irrigated temporary crop area: Potatoes"",4352,2006,23.0,"""","""","""""	
"Brazil,21,""Harvested irrigated temporary crop area: Leguminous crops"",4359,2006,315.9,"""","""","""""	
"Brazil,21,""Harvested irrigated temporary crop area: Sugarcane"",4357,2006,1705.0,"""","""","""""	
"Brazil,21,""Harvested irrigated temporary crop area: Cotton"",4367,2006,207.0,"""","""","""""	
"Brazil,21,""Harvested irrigated temporary crop area: Tobacco"",4366,2006,64.0,"""","""","""""	
"Brazil,21,""Harvested irrigated permanent crop area: Bananas"",4361,2006,27.0,"""","""","""""	
"Brazil,21,""Harvested irrigated permanent crop area: Citrus"",4362,2006,157.5,"""","""","""""	
"Brazil,21,""Harvested irrigated permanent crop area: Other fruits"",4524,2006,29.0,"""","""","""""	
"Brazil,21,""Harvested irrigated permanent crop area: Coffee"",4364,2006,262.2,"""","""","""""	
"Brazil,21,""Total cultivated area drained"",4300,1998,1280.0,"""","""","""""	
"Brazil,21,""% of total cultivated area drained"",4305,1998,1.859,""K"","""","""""	
"Brazil,21,""Conservation agriculture area"",4454,1977,57.0,"""","""","""""	
"Brazil,21,""Conservation agriculture area"",4454,1982,232.5,"""","""","""""	
"Brazil,21,""Conservation agriculture area"",4454,1987,650.0,"""","""","""""	
"Brazil,21,""Conservation agriculture area"",4454,1992,1350.0,"""","""","""""	
"Brazil,21,""Conservation agriculture area"",4454,1997,8847.0,"""","""","""""	
"Brazil,21,""Conservation agriculture area"",4454,2002,18744.0,"""","""","""""	
"Brazil,21,""Conservation agriculture area"",4454,2006,25502.0,"""","""","""""	
"Brazil,21,""Conservation agriculture area"",4454,2012,31811.0,"""","""","""""	
"Brazil,21,""Conservation agriculture area as % of arable land area"",4455,1977,0.1295,""K"","""","""""	
"Brazil,21,""Conservation agriculture area as % of arable land area"",4455,1982,0.4947,""K"","""","""""	
"Brazil,21,""Conservation agriculture area as % of arable land area"",4455,1987,1.313,""K"","""","""""	
"Brazil,21,""Conservation agriculture area as % of arable land area"",4455,1992,2.606,""K"","""","""""	
"Brazil,21,""Conservation agriculture area as % of arable land area"",4455,1997,15.31,""K"","""","""""	
"Brazil,21,""Conservation agriculture area as % of arable land area"",4455,2002,30.48,""K"","""","""""	
"Brazil,21,""Conservation agriculture area as % of arable land area"",4455,2006,37.29,""K"","""","""""	
"Brazil,21,""Conservation agriculture area as % of arable land area"",4455,2012,43.81,""K"","""","""""	
"Brazil,21,""Area salinized by irrigation"",4400,1998,15.0,"""","""","""""	
"Brazil,21,""% of area equipped for irrigation salinized"",4445,1998,0.5212,"""","""","""""	
"Brazil,21,""Flood occurrence (WRI)"",4543,2013,3.1,""E"","""","""""	
"Brazil,21,""Total population with access to safe drinking-water (JMP)"",4114,1992,89.6,""E"","""","""""	
"Brazil,21,""Total population with access to safe drinking-water (JMP)"",4114,1997,92.1,""E"","""","""""	
"Brazil,21,""Total population with access to safe drinking-water (JMP)"",4114,2002,94.2,""E"","""","""""	
"Brazil,21,""Total population with access to safe drinking-water (JMP)"",4114,2007,95.9,""E"","""","""""	
"Brazil,21,""Total population with access to safe drinking-water (JMP)"",4114,2012,97.5,""E"","""","""""	
"Brazil,21,""Total population with access to safe drinking-water (JMP)"",4114,2015,98.1,""E"","""","""""	
"Brazil,21,""Rural population with access to safe drinking-water (JMP)"",4115,1992,69.3,""E"","""","""""	
"Brazil,21,""Rural population with access to safe drinking-water (JMP)"",4115,1997,73.3,""E"","""","""""	
"Brazil,21,""Rural population with access to safe drinking-water (JMP)"",4115,2002,77.3,""E"","""","""""	
"Brazil,21,""Rural population with access to safe drinking-water (JMP)"",4115,2007,81.3,""E"","""","""""	
"Brazil,21,""Rural population with access to safe drinking-water (JMP)"",4115,2012,85.4,""E"","""","""""	
"Brazil,21,""Rural population with access to safe drinking-water (JMP)"",4115,2015,87.0,""E"","""","""""	
"Brazil,21,""Urban population with access to safe drinking-water (JMP)"",4116,1992,96.2,""E"","""","""""	
"Brazil,21,""Urban population with access to safe drinking-water (JMP)"",4116,1997,97.0,""E"","""","""""	
"Brazil,21,""Urban population with access to safe drinking-water (JMP)"",4116,2002,97.9,""E"","""","""""	
"Brazil,21,""Urban population with access to safe drinking-water (JMP)"",4116,2007,98.8,""E"","""","""""	
"Brazil,21,""Urban population with access to safe drinking-water (JMP)"",4116,2012,99.6,""E"","""","""""	
"Brazil,21,""Urban population with access to safe drinking-water (JMP)"",4116,2015,100.0,""E"","""","""""	
